"日期","收盘","开盘","高","低","涨跌幅"
"2012年3月28日","0.9983","0.9956","1.0003","0.9945","0.30%"
"2012年3月27日","0.9953","0.9912","0.9958","0.9898","0.46%"
"2012年3月26日","0.9907","0.9982","1.0001","0.9903","-0.74%"
"2012年3月23日","0.9981","0.9990","1.0034","0.9970","-0.10%"
"2012年3月22日","0.9991","0.9925","1.0011","0.9912","0.71%"
"2012年3月21日","0.9921","0.9914","0.9936","0.9871","0.03%"
"2012年3月20日","0.9918","0.9873","0.9971","0.9868","0.50%"
"2012年3月19日","0.9869","0.9913","0.9932","0.9858","-0.50%"
"2012年3月16日","0.9919","0.9918","0.9941","0.9898","-0.01%"
"2012年3月15日","0.9920","0.9934","0.9950","0.9903","-0.08%"
"2012年3月14日","0.9928","0.9888","0.9945","0.9879","0.45%"
"2012年3月13日","0.9884","0.9928","0.9929","0.9879","-0.39%"
"2012年3月12日","0.9923","0.9904","0.9949","0.9897","0.12%"
"2012年3月9日","0.9911","0.9902","0.9938","0.9869","0.02%"
"2012年3月8日","0.9909","0.9979","0.9992","0.9891","-0.70%"
"2012年3月7日","0.9979","1.0013","1.0027","0.9972","-0.32%"
"2012年3月6日","1.0011","0.9942","1.0030","0.9935","0.65%"
"2012年3月5日","0.9946","0.9895","0.9963","0.9885","0.57%"
"2012年3月2日","0.9890","0.9854","0.9895","0.9847","0.31%"
"2012年3月1日","0.9859","0.9895","0.9905","0.9841","-0.36%"
"2012年2月29日","0.9895","0.9948","0.9959","0.9844","-0.51%"
"2012年2月28日","0.9946","0.9987","0.9995","0.9940","-0.44%"
"2012年2月27日","0.9990","0.9987","1.0050","0.9973","-0.08%"
"2012年2月24日","0.9998","0.9974","1.0005","0.9964","0.21%"
"2012年2月23日","0.9977","1.0000","1.0010","0.9950","-0.24%"
"2012年2月22日","1.0001","0.9965","1.0020","0.9951","0.34%"
"2012年2月21日","0.9967","0.9934","0.9977","0.9922","0.29%"
"2012年2月20日","0.9938","0.9934","0.9944","0.9905","-0.21%"
"2012年2月17日","0.9959","0.9970","0.9985","0.9939","-0.05%"
"2012年2月16日","0.9964","0.9997","1.0053","0.9951","-0.28%"
"2012年2月15日","0.9992","0.9991","1.0005","0.9936","0.02%"
"2012年2月14日","0.9990","0.9995","1.0027","0.9978","-0.04%"
"2012年2月13日","0.9994","1.0007","1.0018","0.9971","-0.29%"
"2012年2月10日","1.0023","0.9948","1.0040","0.9941","0.72%"
"2012年2月9日","0.9951","0.9961","0.9981","0.9924","-0.10%"
"2012年2月8日","0.9961","0.9947","0.9991","0.9932","0.16%"
"2012年2月7日","0.9945","0.9956","0.9995","0.9937","-0.11%"
"2012年2月6日","0.9956","0.9945","0.9995","0.9927","0.25%"
"2012年2月3日","0.9931","0.9991","1.0035","0.9925","-0.61%"
"2012年2月2日","0.9992","0.9984","1.0010","0.9964","0.03%"
"2012年2月1日","0.9989","1.0025","1.0049","0.9961","-0.40%"
"2012年1月31日","1.0029","1.0018","1.0056","0.9965","0.06%"
"2012年1月30日","1.0023","1.0015","1.0071","1.0008","0.13%"
"2012年1月27日","1.0010","1.0018","1.0043","0.9986","-0.07%"
"2012年1月26日","1.0017","1.0047","1.0051","0.9981","-0.25%"
"2012年1月25日","1.0042","1.0095","1.0149","1.0027","-0.58%"
"2012年1月24日","1.0101","1.0080","1.0145","1.0072","0.25%"
"2012年1月23日","1.0076","1.0143","1.0164","1.0050","-0.53%"
"2012年1月20日","1.0130","1.0114","1.0160","1.0105","0.16%"
"2012年1月19日","1.0114","1.0116","1.0130","1.0071","-0.03%"
"2012年1月18日","1.0117","1.0159","1.0180","1.0111","-0.33%"
"2012年1月17日","1.0151","1.0178","1.0189","1.0111","-0.29%"
"2012年1月16日","1.0181","1.0244","1.0253","1.0162","-0.43%"
"2012年1月13日","1.0225","1.0187","1.0284","1.0162","0.41%"
"2012年1月12日","1.0183","1.0191","1.0210","1.0137","-0.09%"
"2012年1月11日","1.0192","1.0163","1.0212","1.0138","0.22%"
"2012年1月10日","1.0170","1.0234","1.0242","1.0151","-0.64%"
"2012年1月9日","1.0236","1.0285","1.0321","1.0225","-0.35%"
"2012年1月6日","1.0272","1.0192","1.0273","1.0169","0.73%"
"2012年1月5日","1.0198","1.0124","1.0225","1.0120","0.70%"
"2012年1月4日","1.0127","1.0112","1.0165","1.0105","0.17%"
"2012年1月3日","1.0110","1.0187","1.0196","1.0073","-0.84%"
"2012年1月2日","1.0196","1.0208","1.0215","1.0177","0.00%"
"2011年12月30日","1.0196","1.0204","1.0223","1.0156","-0.12%"
"2011年12月29日","1.0208","1.0247","1.0271","1.0203","-0.35%"
"2011年12月28日","1.0244","1.0183","1.0253","1.0124","0.54%"
"2011年12月27日","1.0189","1.0202","1.0217","1.0175","-0.12%"
"2011年12月26日","1.0201","1.0211","1.0235","1.0179","0.03%"
"2011年12月23日","1.0198","1.0209","1.0218","1.0180","-0.12%"
"2011年12月22日","1.0210","1.0267","1.0282","1.0198","-0.55%"
"2011年12月21日","1.0266","1.0299","1.0310","1.0208","-0.36%"
"2011年12月20日","1.0303","1.0379","1.0389","1.0261","-0.73%"
"2011年12月19日","1.0379","1.0365","1.0415","1.0331","0.00%"
"2011年12月16日","1.0379","1.0347","1.0408","1.0295","0.29%"
"2011年12月15日","1.0349","1.0393","1.0408","1.0320","-0.43%"
"2011年12月14日","1.0394","1.0337","1.0423","1.0324","0.53%"
"2011年12月13日","1.0339","1.0261","1.0349","1.0229","0.75%"
"2011年12月12日","1.0262","1.0192","1.0288","1.0184","0.76%"
"2011年12月9日","1.0185","1.0223","1.0263","1.0177","-0.35%"
"2011年12月8日","1.0221","1.0090","1.0236","1.0050","1.25%"
"2011年12月7日","1.0095","1.0099","1.0135","1.0066","-0.03%"
"2011年12月6日","1.0098","1.0176","1.0209","1.0086","-0.72%"
"2011年12月5日","1.0171","1.0162","1.0195","1.0120","-0.10%"
"2011年12月2日","1.0181","1.0141","1.0196","1.0078","0.39%"
"2011年12月1日","1.0141","1.0189","1.0225","1.0135","-0.52%"
"2011年11月30日","1.0194","1.0316","1.0364","1.0121","-1.06%"
"2011年11月29日","1.0303","1.0347","1.0364","1.0257","-0.51%"
"2011年11月28日","1.0356","1.0436","1.0450","1.0301","-1.26%"
"2011年11月25日","1.0488","1.0469","1.0524","1.0438","0.19%"
"2011年11月24日","1.0468","1.0473","1.0491","1.0436","-0.08%"
"2011年11月23日","1.0476","1.0386","1.0500","1.0374","0.93%"
"2011年11月22日","1.0379","1.0391","1.0412","1.0343","-0.02%"
"2011年11月21日","1.0381","1.0276","1.0419","1.0269","1.09%"
"2011年11月18日","1.0269","1.0283","1.0303","1.0197","-0.22%"
"2011年11月17日","1.0292","1.0238","1.0296","1.0206","0.55%"
"2011年11月16日","1.0236","1.0208","1.0288","1.0170","0.24%"
"2011年11月15日","1.0212","1.0162","1.0264","1.0157","0.48%"
"2011年11月14日","1.0163","1.0080","1.0195","1.0079","0.39%"
"2011年11月11日","1.0124","1.0171","1.0234","1.0106","-0.49%"
"2011年11月10日","1.0174","1.0237","1.0267","1.0164","-0.52%"
"2011年11月9日","1.0227","1.0093","1.0234","1.0076","1.35%"
"2011年11月8日","1.0091","1.0125","1.0183","1.0074","-0.39%"
"2011年11月7日","1.0131","1.0168","1.0205","1.0122","-0.57%"
"2011年11月4日","1.0189","1.0072","1.0229","1.0069","1.15%"
"2011年11月3日","1.0073","1.0134","1.0216","1.0053","-0.68%"
"2011年11月2日","1.0142","1.0192","1.0225","1.0107","-0.57%"
"2011年11月1日","1.0200","0.9997","1.0209","0.9972","2.04%"
"2011年10月31日","0.9996","0.9924","1.0027","0.9911","0.78%"
"2011年10月28日","0.9919","0.9920","0.9970","0.9893","0.12%"
"2011年10月27日","0.9907","1.0050","1.0052","0.9890","-1.34%"
"2011年10月26日","1.0042","1.0162","1.0179","1.0036","-1.21%"
"2011年10月25日","1.0165","1.0037","1.0213","0.9988","1.27%"
"2011年10月24日","1.0038","1.0094","1.0101","1.0019","-0.33%"
"2011年10月21日","1.0071","1.0157","1.0189","1.0065","-0.91%"
"2011年10月20日","1.0164","1.0198","1.0250","1.0132","-0.31%"
"2011年10月19日","1.0196","1.0158","1.0220","1.0085","0.43%"
"2011年10月18日","1.0152","1.0237","1.0267","1.0111","-0.78%"
"2011年10月17日","1.0232","1.0103","1.0242","1.0040","1.34%"
"2011年10月14日","1.0097","1.0212","1.0237","1.0095","-1.08%"
"2011年10月13日","1.0207","1.0184","1.0276","1.0163","0.30%"
"2011年10月12日","1.0176","1.0286","1.0330","1.0132","-1.09%"
"2011年10月11日","1.0288","1.0269","1.0341","1.0255","0.16%"
"2011年10月10日","1.0272","1.0382","1.0389","1.0251","-1.19%"
"2011年10月7日","1.0396","1.0377","1.0419","1.0232","0.17%"
"2011年10月6日","1.0378","1.0405","1.0486","1.0371","-0.31%"
"2011年10月5日","1.0410","1.0515","1.0574","1.0394","-1.10%"
"2011年10月4日","1.0526","1.0539","1.0659","1.0507","-0.20%"
"2011年10月3日","1.0547","1.0482","1.0549","1.0432","0.44%"
"2011年9月30日","1.0501","1.0370","1.0505","1.0353","1.40%"
"2011年9月29日","1.0356","1.0345","1.0402","1.0255","0.23%"
"2011年9月28日","1.0332","1.0208","1.0340","1.0192","1.33%"
"2011年9月27日","1.0196","1.0259","1.0282","1.0141","-0.56%"
"2011年9月26日","1.0253","1.0279","1.0388","1.0244","-0.26%"
"2011年9月23日","1.0280","1.0288","1.0349","1.0223","-0.02%"
"2011年9月22日","1.0282","1.0065","1.0362","1.0052","2.02%"
"2011年9月21日","1.0078","0.9925","1.0091","0.9917","1.59%"
"2011年9月20日","0.9920","0.9907","0.9950","0.9880","0.19%"
"2011年9月19日","0.9901","0.9813","0.9925","0.9805","1.26%"
"2011年9月16日","0.9778","0.9839","0.9861","0.9778","-0.59%"
"2011年9月15日","0.9836","0.9904","0.9950","0.9827","-0.69%"
"2011年9月14日","0.9904","0.9863","0.9943","0.9846","0.43%"
"2011年9月13日","0.9862","0.9919","0.9977","0.9848","-0.62%"
"2011年9月12日","0.9924","0.9980","1.0028","0.9913","-0.45%"
"2011年9月9日","0.9969","0.9892","0.9980","0.9868","0.80%"
"2011年9月8日","0.9890","0.9842","0.9901","0.9830","0.46%"
"2011年9月7日","0.9845","0.9902","0.9911","0.9831","-0.58%"
"2011年9月6日","0.9902","0.9900","0.9958","0.9864","0.01%"
"2011年9月5日","0.9901","0.9859","0.9933","0.9850","0.45%"
"2011年9月2日","0.9857","0.9763","0.9859","0.9754","0.99%"
"2011年9月1日","0.9760","0.9783","0.9797","0.9734","-0.19%"
"2011年8月31日","0.9779","0.9787","0.9803","0.9723","-0.05%"
"2011年8月30日","0.9784","0.9766","0.9819","0.9756","0.16%"
"2011年8月29日","0.9768","0.9813","0.9834","0.9739","-0.49%"
"2011年8月26日","0.9816","0.9879","0.9925","0.9808","-0.67%"
"2011年8月25日","0.9882","0.9880","0.9891","0.9793","0.08%"
"2011年8月24日","0.9874","0.9878","0.9906","0.9837","-0.08%"
"2011年8月23日","0.9882","0.9901","0.9909","0.9847","-0.17%"
"2011年8月22日","0.9899","0.9914","0.9920","0.9828","-0.01%"
"2011年8月19日","0.9900","0.9909","0.9927","0.9824","-0.02%"
"2011年8月18日","0.9902","0.9807","0.9940","0.9799","1.00%"
"2011年8月17日","0.9804","0.9825","0.9848","0.9773","-0.16%"
"2011年8月16日","0.9820","0.9796","0.9873","0.9796","0.20%"
"2011年8月15日","0.9800","0.9881","0.9909","0.9789","-0.71%"
"2011年8月12日","0.9870","0.9849","0.9919","0.9832","0.22%"
"2011年8月11日","0.9848","0.9946","0.9970","0.9839","-0.95%"
"2011年8月10日","0.9942","0.9774","0.9955","0.9765","1.41%"
"2011年8月9日","0.9804","0.9927","1.0013","0.9769","-1.27%"
"2011年8月8日","0.9930","0.9814","0.9947","0.9782","1.16%"
"2011年8月5日","0.9816","0.9798","0.9854","0.9741","0.08%"
"2011年8月4日","0.9808","0.9616","0.9817","0.9602","1.98%"
"2011年8月3日","0.9618","0.9613","0.9649","0.9566","0.06%"
"2011年8月2日","0.9612","0.9559","0.9620","0.9547","0.47%"
"2011年8月1日","0.9567","0.9557","0.9605","0.9489","0.16%"
"2011年7月29日","0.9552","0.9491","0.9590","0.9485","0.66%"
"2011年7月28日","0.9489","0.9488","0.9524","0.9457","-0.05%"
"2011年7月27日","0.9494","0.9439","0.9509","0.9410","0.59%"
"2011年7月26日","0.9438","0.9470","0.9476","0.9405","-0.36%"
"2011年7月25日","0.9472","0.9483","0.9526","0.9431","-0.11%"
"2011年7月22日","0.9482","0.9438","0.9530","0.9425","0.47%"
"2011年7月21日","0.9438","0.9477","0.9495","0.9422","-0.41%"
"2011年7月20日","0.9477","0.9501","0.9513","0.9455","-0.24%"
"2011年7月19日","0.9500","0.9596","0.9601","0.9479","-0.95%"
"2011年7月18日","0.9591","0.9543","0.9638","0.9537","0.58%"
"2011年7月15日","0.9536","0.9600","0.9626","0.9518","-0.68%"
"2011年7月14日","0.9601","0.9577","0.9618","0.9547","0.15%"
"2011年7月13日","0.9587","0.9653","0.9668","0.9570","-0.68%"
"2011年7月12日","0.9653","0.9688","0.9781","0.9625","-0.32%"
"2011年7月11日","0.9684","0.9623","0.9697","0.9614","0.71%"
"2011年7月8日","0.9616","0.9590","0.9667","0.9570","0.30%"
"2011年7月7日","0.9587","0.9651","0.9667","0.9566","-0.74%"
"2011年7月6日","0.9658","0.9632","0.9696","0.9612","0.31%"
"2011年7月5日","0.9628","0.9606","0.9646","0.9594","0.21%"
"2011年7月4日","0.9608","0.9591","0.9619","0.9578","0.21%"
"2011年7月1日","0.9588","0.9641","0.9653","0.9580","-0.48%"
"2011年6月30日","0.9634","0.9697","0.9701","0.9623","-0.68%"
"2011年6月29日","0.9700","0.9813","0.9827","0.9687","-1.20%"
"2011年6月28日","0.9818","0.9862","0.9888","0.9811","-0.46%"
"2011年6月27日","0.9863","0.9873","0.9914","0.9856","-0.22%"
"2011年6月24日","0.9885","0.9785","0.9888","0.9768","0.99%"
"2011年6月23日","0.9788","0.9740","0.9825","0.9712","0.54%"
"2011年6月22日","0.9735","0.9724","0.9755","0.9699","0.17%"
"2011年6月21日","0.9718","0.9796","0.9806","0.9706","-0.79%"
"2011年6月20日","0.9795","0.9809","0.9851","0.9779","0.01%"
"2011年6月17日","0.9794","0.9818","0.9869","0.9773","-0.25%"
"2011年6月16日","0.9819","0.9791","0.9899","0.9770","0.28%"
"2011年6月15日","0.9792","0.9690","0.9831","0.9670","1.08%"
"2011年6月14日","0.9687","0.9758","0.9772","0.9672","-0.77%"
"2011年6月13日","0.9762","0.9790","0.9799","0.9749","-0.37%"
"2011年6月10日","0.9798","0.9733","0.9801","0.9709","0.65%"
"2011年6月9日","0.9735","0.9795","0.9814","0.9723","-0.65%"
"2011年6月8日","0.9799","0.9748","0.9824","0.9739","0.56%"
"2011年6月7日","0.9744","0.9805","0.9811","0.9730","-0.63%"
"2011年6月6日","0.9806","0.9780","0.9819","0.9768","0.27%"
"2011年6月3日","0.9780","0.9756","0.9852","0.9743","0.26%"
"2011年6月2日","0.9755","0.9775","0.9810","0.9742","-0.20%"
"2011年6月1日","0.9775","0.9690","0.9785","0.9667","0.93%"
"2011年5月31日","0.9685","0.9771","0.9772","0.9655","-0.87%"
"2011年5月30日","0.9770","0.9777","0.9788","0.9748","0.12%"
"2011年5月27日","0.9758","0.9784","0.9798","0.9751","-0.25%"
"2011年5月26日","0.9782","0.9775","0.9816","0.9754","0.03%"
"2011年5月25日","0.9779","0.9762","0.9817","0.9740","0.14%"
"2011年5月24日","0.9765","0.9776","0.9793","0.9752","-0.08%"
"2011年5月23日","0.9773","0.9735","0.9812","0.9735","0.34%"
"2011年5月20日","0.9740","0.9677","0.9772","0.9639","0.66%"
"2011年5月19日","0.9676","0.9704","0.9717","0.9655","-0.30%"
"2011年5月18日","0.9705","0.9720","0.9760","0.9694","-0.19%"
"2011年5月17日","0.9723","0.9746","0.9792","0.9714","-0.30%"
"2011年5月16日","0.9752","0.9689","0.9770","0.9680","0.71%"
"2011年5月13日","0.9683","0.9631","0.9747","0.9605","0.61%"
"2011年5月12日","0.9624","0.9607","0.9696","0.9598","0.10%"
"2011年5月11日","0.9614","0.9574","0.9640","0.9511","0.46%"
"2011年5月10日","0.9570","0.9639","0.9656","0.9563","-0.53%"
"2011年5月9日","0.9621","0.9658","0.9698","0.9602","-0.36%"
"2011年5月6日","0.9656","0.9667","0.9704","0.9571","-0.16%"
"2011年5月5日","0.9671","0.9585","0.9711","0.9565","0.90%"
"2011年5月4日","0.9585","0.9526","0.9605","0.9501","0.61%"
"2011年5月3日","0.9527","0.9510","0.9543","0.9456","0.24%"
"2011年5月2日","0.9504","0.9457","0.9520","0.9445","0.61%"
"2011年4月29日","0.9446","0.9507","0.9549","0.9437","-0.66%"
"2011年4月28日","0.9509","0.9502","0.9522","0.9464","0.07%"
"2011年4月27日","0.9502","0.9510","0.9577","0.9486","-0.15%"
"2011年4月26日","0.9516","0.9542","0.9562","0.9493","-0.29%"
"2011年4月25日","0.9544","0.9524","0.9560","0.9500","-0.04%"
"2011年4月22日","0.9548","0.9528","0.9550","0.9521","0.19%"
"2011年4月21日","0.9530","0.9530","0.9539","0.9453","0.04%"
"2011年4月20日","0.9526","0.9561","0.9564","0.9494","-0.36%"
"2011年4月19日","0.9560","0.9646","0.9668","0.9546","-0.88%"
"2011年4月18日","0.9645","0.9592","0.9724","0.9589","0.48%"
"2011年4月15日","0.9599","0.9609","0.9652","0.9591","-0.08%"
"2011年4月14日","0.9607","0.9626","0.9671","0.9593","-0.18%"
"2011年4月13日","0.9624","0.9628","0.9656","0.9584","-0.03%"
"2011年4月12日","0.9627","0.9564","0.9658","0.9555","0.68%"
"2011年4月11日","0.9562","0.9556","0.9580","0.9543","0.05%"
"2011年4月8日","0.9557","0.9587","0.9596","0.9524","-0.30%"
"2011年4月7日","0.9586","0.9605","0.9626","0.9568","-0.19%"
"2011年4月6日","0.9604","0.9641","0.9643","0.9568","-0.35%"
"2011年4月5日","0.9638","0.9668","0.9693","0.9625","-0.32%"
"2011年4月4日","0.9669","0.9645","0.9687","0.9614","0.34%"
"2011年4月1日","0.9636","0.9699","0.9706","0.9624","-0.68%"
"2011年3月31日","0.9702","0.9714","0.9730","0.9683","-0.09%"
"2011年3月30日","0.9711","0.9747","0.9753","0.9685","-0.31%"
"2011年3月29日","0.9741","0.9780","0.9787","0.9737","-0.36%"
"2011年3月28日","0.9776","0.9817","0.9824","0.9741","-0.33%"
"2011年3月25日","0.9808","0.9764","0.9830","0.9743","0.45%"
"2011年3月24日","0.9764","0.9812","0.9826","0.9729","-0.52%"
"2011年3月23日","0.9815","0.9804","0.9846","0.9789","0.07%"
"2011年3月22日","0.9808","0.9783","0.9814","0.9743","0.26%"
"2011年3月21日","0.9783","0.9851","0.9854","0.9748","-0.64%"
"2011年3月18日","0.9846","0.9855","0.9868","0.9804","-0.10%"
"2011年3月17日","0.9856","0.9936","0.9941","0.9834","-0.50%"
"2011年3月16日","0.9906","0.9851","0.9970","0.9807","0.60%"
"2011年3月15日","0.9847","0.9738","0.9976","0.9734","1.12%"
"2011年3月14日","0.9738","0.9735","0.9766","0.9709","0.22%"
"2011年3月11日","0.9717","0.9755","0.9803","0.9703","-0.39%"
"2011年3月10日","0.9755","0.9688","0.9770","0.9684","0.69%"
"2011年3月9日","0.9688","0.9714","0.9716","0.9666","-0.27%"
"2011年3月8日","0.9714","0.9725","0.9748","0.9705","-0.12%"
"2011年3月7日","0.9726","0.9733","0.9746","0.9700","0.07%"
"2011年3月4日","0.9719","0.9721","0.9745","0.9698","-0.03%"
"2011年3月3日","0.9722","0.9724","0.9754","0.9713","-0.04%"
"2011年3月2日","0.9726","0.9744","0.9779","0.9708","-0.18%"
"2011年3月1日","0.9744","0.9717","0.9758","0.9685","0.28%"
"2011年2月28日","0.9717","0.9786","0.9790","0.9708","-0.62%"
"2011年2月25日","0.9778","0.9830","0.9834","0.9775","-0.54%"
"2011年2月24日","0.9831","0.9892","0.9905","0.9816","-0.64%"
"2011年2月23日","0.9894","0.9903","0.9962","0.9859","-0.04%"
"2011年2月22日","0.9898","0.9823","0.9919","0.9822","0.71%"
"2011年2月21日","0.9828","0.9858","0.9873","0.9820","-0.34%"
"2011年2月18日","0.9862","0.9847","0.9876","0.9820","0.13%"
"2011年2月17日","0.9849","0.9852","0.9863","0.9817","-0.01%"
"2011年2月16日","0.9850","0.9898","0.9906","0.9844","-0.48%"
"2011年2月15日","0.9898","0.9891","0.9904","0.9848","0.05%"
"2011年2月14日","0.9893","0.9894","0.9903","0.9845","0.21%"
"2011年2月11日","0.9872","0.9957","0.9988","0.9862","-0.90%"
"2011年2月10日","0.9962","0.9936","0.9988","0.9930","0.26%"
"2011年2月9日","0.9936","0.9954","0.9959","0.9912","-0.13%"
"2011年2月8日","0.9949","0.9911","0.9980","0.9866","0.39%"
"2011年2月7日","0.9910","0.9886","0.9911","0.9847","0.31%"
"2011年2月4日","0.9879","0.9907","0.9934","0.9829","-0.31%"
"2011年2月3日","0.9910","0.9882","0.9923","0.9853","0.31%"
"2011年2月2日","0.9879","0.9907","0.9916","0.9857","-0.26%"
"2011年2月1日","0.9905","1.0010","1.0014","0.9898","-1.07%"
"2011年1月31日","1.0012","1.0017","1.0060","0.9961","0.09%"
"2011年1月28日","1.0003","0.9934","1.0019","0.9930","0.71%"
"2011年1月27日","0.9932","0.9940","0.9986","0.9923","-0.20%"
"2011年1月26日","0.9952","0.9967","0.9984","0.9933","-0.14%"
"2011年1月25日","0.9966","0.9936","1.0006","0.9907","0.29%"
"2011年1月24日","0.9937","0.9936","0.9983","0.9915","-0.03%"
"2011年1月21日","0.9940","0.9971","0.9990","0.9905","-0.28%"
"2011年1月20日","0.9968","0.9959","1.0032","0.9948","0.11%"
"2011年1月19日","0.9957","0.9914","0.9967","0.9886","0.34%"
"2011年1月18日","0.9923","0.9872","0.9939","0.9831","0.54%"
"2011年1月17日","0.9870","0.9882","0.9903","0.9854","-0.25%"
"2011年1月14日","0.9895","0.9895","0.9978","0.9884","0.05%"
"2011年1月13日","0.9890","0.9862","0.9911","0.9853","0.30%"
"2011年1月12日","0.9860","0.9901","0.9913","0.9844","-0.41%"
"2011年1月11日","0.9901","0.9932","0.9951","0.9890","-0.29%"
"2011年1月10日","0.9930","0.9930","0.9985","0.9910","0.17%"
"2011年1月7日","0.9913","0.9967","1.0005","0.9897","-0.56%"
"2011年1月6日","0.9969","0.9966","0.9995","0.9918","0.06%"
"2011年1月5日","0.9963","0.9985","1.0023","0.9930","-0.27%"
"2011年1月4日","0.9990","0.9937","1.0034","0.9912","0.56%"
"2011年1月3日","0.9934","0.9950","0.9951","0.9886","-0.36%"
"2010年12月31日","0.9970","1.0002","1.0009","0.9925","-0.29%"
"2010年12月30日","0.9999","1.0008","1.0025","0.9970","-0.07%"
"2010年12月29日","1.0006","1.0007","1.0057","0.9969","-0.05%"
"2010年12月28日","1.0011","1.0068","1.0073","0.9974","-0.59%"
"2010年12月27日","1.0070","1.0083","1.0114","1.0019","-0.08%"
"2010年12月24日","1.0078","1.0090","1.0116","1.0048","-0.17%"
"2010年12月23日","1.0095","1.0134","1.0168","1.0056","-0.39%"
"2010年12月22日","1.0135","1.0164","1.0179","1.0109","-0.37%"
"2010年12月21日","1.0173","1.0170","1.0208","1.0145","0.01%"
"2010年12月20日","1.0172","1.0123","1.0211","1.0098","0.37%"
"2010年12月17日","1.0134","1.0063","1.0145","1.0037","0.77%"
"2010年12月16日","1.0057","1.0044","1.0076","1.0027","0.15%"
"2010年12月15日","1.0042","1.0065","1.0097","0.9999","-0.25%"
"2010年12月14日","1.0067","1.0084","1.0111","1.0027","-0.15%"
"2010年12月13日","1.0082","1.0102","1.0110","1.0025","-0.16%"
"2010年12月10日","1.0098","1.0103","1.0116","1.0079","-0.07%"
"2010年12月9日","1.0105","1.0111","1.0130","1.0066","-0.07%"
"2010年12月8日","1.0112","1.0123","1.0142","1.0060","-0.08%"
"2010年12月7日","1.0120","1.0057","1.0122","1.0008","0.69%"
"2010年12月6日","1.0051","1.0039","1.0085","1.0022","0.13%"
"2010年12月3日","1.0038","1.0027","1.0082","0.9999","0.00%"
"2010年12月2日","1.0038","1.0176","1.0193","1.0028","-1.28%"
"2010年12月1日","1.0168","1.0265","1.0272","1.0139","-0.94%"
"2010年11月30日","1.0265","1.0181","1.0288","1.0170","0.83%"
"2010年11月29日","1.0180","1.0163","1.0259","1.0163","-0.24%"
"2010年11月26日","1.0204","1.0093","1.0246","1.0082","1.05%"
"2010年11月25日","1.0098","1.0109","1.0127","1.0063","-0.13%"
"2010年11月24日","1.0111","1.0244","1.0251","1.0092","-1.20%"
"2010年11月23日","1.0234","1.0194","1.0268","1.0167","0.48%"
"2010年11月22日","1.0185","1.0167","1.0218","1.0110","0.06%"
"2010年11月19日","1.0179","1.0196","1.0236","1.0154","-0.25%"
"2010年11月18日","1.0204","1.0248","1.0250","1.0152","-0.49%"
"2010年11月17日","1.0254","1.0219","1.0262","1.0178","0.40%"
"2010年11月16日","1.0213","1.0096","1.0256","1.0066","1.18%"
"2010年11月15日","1.0094","1.0113","1.0141","1.0053","0.03%"
"2010年11月12日","1.0091","1.0029","1.0147","1.0025","0.60%"
"2010年11月11日","1.0031","1.0004","1.0075","0.9974","0.29%"
"2010年11月10日","1.0002","1.0076","1.0093","0.9992","-0.69%"
"2010年11月9日","1.0072","1.0036","1.0095","0.9974","0.37%"
"2010年11月8日","1.0035","1.0003","1.0057","0.9992","0.31%"
"2010年11月5日","1.0004","1.0027","1.0082","0.9989","-0.21%"
"2010年11月4日","1.0025","1.0048","1.0122","1.0008","-0.25%"
"2010年11月3日","1.0050","1.0091","1.0156","1.0046","-0.35%"
"2010年11月2日","1.0085","1.0156","1.0159","1.0080","-0.74%"
"2010年11月1日","1.0160","1.0192","1.0205","1.0126","-0.28%"
"2010年10月29日","1.0189","1.0208","1.0248","1.0166","-0.20%"
"2010年10月28日","1.0209","1.0281","1.0289","1.0181","-0.67%"
"2010年10月27日","1.0278","1.0238","1.0341","1.0224","0.39%"
"2010年10月26日","1.0238","1.0196","1.0269","1.0172","0.45%"
"2010年10月25日","1.0192","1.0256","1.0270","1.0151","-0.65%"
"2010年10月22日","1.0259","1.0263","1.0303","1.0221","-0.06%"
"2010年10月21日","1.0265","1.0213","1.0305","1.0164","0.49%"
"2010年10月20日","1.0215","1.0328","1.0351","1.0206","-1.07%"
"2010年10月19日","1.0326","1.0174","1.0375","1.0162","1.48%"
"2010年10月18日","1.0175","1.0125","1.0231","1.0118","0.75%"
"2010年10月15日","1.0099","1.0040","1.0139","1.0010","0.57%"
"2010年10月14日","1.0042","1.0036","1.0078","0.9974","0.08%"
"2010年10月13日","1.0034","1.0098","1.0106","1.0008","-0.65%"
"2010年10月12日","1.0100","1.0140","1.0186","1.0088","-0.40%"
"2010年10月11日","1.0141","1.0105","1.0153","1.0087","0.32%"
"2010年10月8日","1.0109","1.0181","1.0229","1.0091","-0.62%"
"2010年10月7日","1.0172","1.0111","1.0214","1.0071","0.58%"
"2010年10月6日","1.0113","1.0157","1.0167","1.0059","-0.46%"
"2010年10月5日","1.0160","1.0233","1.0274","1.0152","-0.70%"
"2010年10月4日","1.0232","1.0197","1.0246","1.0175","0.29%"
"2010年10月1日","1.0202","1.0295","1.0314","1.0185","-0.86%"
"2010年9月30日","1.0291","1.0328","1.0350","1.0231","-0.32%"
"2010年9月29日","1.0324","1.0306","1.0343","1.0238","0.20%"
"2010年9月28日","1.0303","1.0305","1.0364","1.0284","0.11%"
"2010年9月27日","1.0292","1.0243","1.0300","1.0220","0.47%"
"2010年9月24日","1.0244","1.0347","1.0356","1.0223","-0.86%"
"2010年9月23日","1.0333","1.0304","1.0383","1.0278","0.31%"
"2010年9月22日","1.0301","1.0259","1.0360","1.0189","0.36%"
"2010年9月21日","1.0264","1.0297","1.0332","1.0216","-0.18%"
"2010年9月20日","1.0282","1.0332","1.0349","1.0259","-0.51%"
"2010年9月17日","1.0335","1.0263","1.0351","1.0210","0.70%"
"2010年9月16日","1.0263","1.0257","1.0293","1.0237","0.04%"
"2010年9月15日","1.0259","1.0276","1.0320","1.0250","-0.16%"
"2010年9月14日","1.0275","1.0281","1.0309","1.0216","-0.01%"
"2010年9月13日","1.0276","1.0339","1.0347","1.0263","-0.93%"
"2010年9月10日","1.0372","1.0337","1.0376","1.0287","0.28%"
"2010年9月9日","1.0343","1.0368","1.0396","1.0301","-0.24%"
"2010年9月8日","1.0368","1.0471","1.0511","1.0345","-1.09%"
"2010年9月7日","1.0482","1.0353","1.0487","1.0349","1.22%"
"2010年9月6日","1.0356","1.0393","1.0404","1.0335","-0.32%"
"2010年9月3日","1.0389","1.0528","1.0570","1.0379","-1.36%"
"2010年9月2日","1.0532","1.0505","1.0558","1.0469","0.30%"
"2010年9月1日","1.0501","1.0648","1.0659","1.0484","-1.33%"
"2010年8月31日","1.0643","1.0599","1.0675","1.0574","0.37%"
"2010年8月30日","1.0604","1.0492","1.0606","1.0471","0.87%"
"2010年8月27日","1.0513","1.0574","1.0650","1.0503","-0.61%"
"2010年8月26日","1.0577","1.0597","1.0605","1.0521","-0.19%"
"2010年8月25日","1.0597","1.0612","1.0670","1.0572","-0.13%"
"2010年8月24日","1.0611","1.0518","1.0666","1.0515","0.84%"
"2010年8月23日","1.0523","1.0494","1.0532","1.0444","0.43%"
"2010年8月20日","1.0478","1.0400","1.0514","1.0379","0.75%"
"2010年8月19日","1.0400","1.0288","1.0417","1.0243","1.09%"
"2010年8月18日","1.0288","1.0330","1.0343","1.0271","-0.35%"
"2010年8月17日","1.0324","1.0434","1.0440","1.0305","-1.08%"
"2010年8月16日","1.0437","1.0413","1.0466","1.0368","0.12%"
"2010年8月13日","1.0425","1.0423","1.0440","1.0349","0.01%"
"2010年8月12日","1.0424","1.0473","1.0497","1.0419","-0.44%"
"2010年8月11日","1.0470","1.0308","1.0478","1.0303","1.56%"
"2010年8月10日","1.0309","1.0280","1.0391","1.0269","0.37%"
"2010年8月9日","1.0271","1.0270","1.0300","1.0253","-0.05%"
"2010年8月6日","1.0276","1.0168","1.0307","1.0143","1.04%"
"2010年8月5日","1.0170","1.0180","1.0190","1.0105","-0.10%"
"2010年8月4日","1.0180","1.0241","1.0271","1.0161","-0.56%"
"2010年8月3日","1.0237","1.0231","1.0274","1.0217","0.05%"
"2010年8月2日","1.0232","1.0293","1.0300","1.0203","-0.63%"
"2010年7月30日","1.0297","1.0360","1.0377","1.0261","-0.59%"
"2010年7月29日","1.0358","1.0384","1.0394","1.0296","-0.26%"
"2010年7月28日","1.0385","1.0354","1.0391","1.0295","0.30%"
"2010年7月27日","1.0354","1.0318","1.0396","1.0250","0.35%"
"2010年7月26日","1.0318","1.0381","1.0387","1.0301","-0.42%"
"2010年7月23日","1.0362","1.0377","1.0436","1.0343","-0.11%"
"2010年7月22日","1.0373","1.0493","1.0506","1.0354","-1.12%"
"2010年7月21日","1.0490","1.0433","1.0502","1.0347","0.60%"
"2010年7月20日","1.0427","1.0551","1.0587","1.0421","-1.14%"
"2010年7月19日","1.0547","1.0574","1.0583","1.0497","-0.28%"
"2010年7月16日","1.0577","1.0381","1.0583","1.0377","1.87%"
"2010年7月15日","1.0383","1.0320","1.0444","1.0280","0.63%"
"2010年7月14日","1.0318","1.0311","1.0372","1.0286","0.11%"
"2010年7月13日","1.0307","1.0362","1.0387","1.0274","-0.60%"
"2010年7月12日","1.0369","1.0321","1.0387","1.0298","0.36%"
"2010年7月9日","1.0332","1.0433","1.0456","1.0296","-0.96%"
"2010年7月8日","1.0432","1.0478","1.0486","1.0377","-0.41%"
"2010年7月7日","1.0475","1.0541","1.0609","1.0462","-0.56%"
"2010年7月6日","1.0534","1.0639","1.0679","1.0484","-0.96%"
"2010年7月5日","1.0636","1.0628","1.0678","1.0573","0.08%"
"2010年7月2日","1.0627","1.0589","1.0669","1.0553","0.36%"
"2010年7月1日","1.0589","1.0638","1.0675","1.0574","-0.54%"
"2010年6月30日","1.0646","1.0552","1.0651","1.0465","0.92%"
"2010年6月29日","1.0549","1.0365","1.0578","1.0340","1.86%"
"2010年6月28日","1.0356","1.0352","1.0373","1.0317","0.00%"
"2010年6月25日","1.0356","1.0433","1.0444","1.0339","-0.75%"
"2010年6月24日","1.0434","1.0393","1.0471","1.0375","0.38%"
"2010年6月23日","1.0395","1.0291","1.0460","1.0270","1.00%"
"2010年6月22日","1.0292","1.0248","1.0299","1.0181","0.45%"
"2010年6月21日","1.0246","1.0194","1.0261","1.0135","0.28%"
"2010年6月18日","1.0217","1.0273","1.0313","1.0204","-0.60%"
"2010年6月17日","1.0279","1.0251","1.0338","1.0221","0.25%"
"2010年6月16日","1.0253","1.0249","1.0326","1.0223","-0.05%"
"2010年6月15日","1.0258","1.0338","1.0363","1.0240","-0.81%"
"2010年6月14日","1.0342","1.0351","1.0352","1.0223","0.14%"
"2010年6月11日","1.0328","1.0309","1.0391","1.0295","0.19%"
"2010年6月10日","1.0308","1.0449","1.0455","1.0287","-1.33%"
"2010年6月9日","1.0447","1.0475","1.0521","1.0365","-0.28%"
"2010年6月8日","1.0476","1.0606","1.0614","1.0469","-1.26%"
"2010年6月7日","1.0610","1.0610","1.0680","1.0513","-0.14%"
"2010年6月4日","1.0625","1.0402","1.0629","1.0364","2.18%"
"2010年6月3日","1.0398","1.0385","1.0465","1.0360","0.09%"
"2010年6月2日","1.0389","1.0554","1.0574","1.0368","-1.54%"
"2010年6月1日","1.0551","1.0437","1.0564","1.0419","0.97%"
"2010年5月31日","1.0450","1.0520","1.0553","1.0410","-0.86%"
"2010年5月28日","1.0541","1.0492","1.0562","1.0440","0.56%"
"2010年5月27日","1.0482","1.0713","1.0715","1.0478","-2.10%"
"2010年5月26日","1.0707","1.0646","1.0749","1.0579","0.42%"
"2010年5月25日","1.0662","1.0625","1.0854","1.0622","0.20%"
"2010年5月24日","1.0641","1.0629","1.0662","1.0532","0.45%"
"2010年5月21日","1.0593","1.0711","1.0749","1.0549","-1.03%"
"2010年5月20日","1.0703","1.0417","1.0720","1.0417","2.59%"
"2010年5月19日","1.0433","1.0407","1.0538","1.0384","0.30%"
"2010年5月18日","1.0402","1.0314","1.0412","1.0242","0.88%"
"2010年5月17日","1.0311","1.0356","1.0438","1.0309","-0.41%"
"2010年5月14日","1.0353","1.0220","1.0379","1.0209","1.44%"
"2010年5月13日","1.0206","1.0191","1.0210","1.0107","0.12%"
"2010年5月12日","1.0194","1.0196","1.0248","1.0151","-0.23%"
"2010年5月11日","1.0218","1.0241","1.0291","1.0151","-0.14%"
"2010年5月10日","1.0232","1.0322","1.0393","1.0208","-1.87%"
"2010年5月7日","1.0427","1.0524","1.0572","1.0337","-0.74%"
"2010年5月6日","1.0505","1.0311","1.0741","1.0280","1.88%"
"2010年5月5日","1.0311","1.0252","1.0354","1.0231","0.63%"
"2010年5月4日","1.0246","1.0104","1.0260","1.0103","1.38%"
"2010年5月3日","1.0107","1.0162","1.0189","1.0099","-0.67%"
"2010年4月30日","1.0175","1.0057","1.0183","1.0013","1.13%"
"2010年4月29日","1.0061","1.0097","1.0116","1.0012","-0.35%"
"2010年4月28日","1.0096","1.0163","1.0198","1.0073","-0.78%"
"2010年4月27日","1.0175","1.0008","1.0184","0.9990","1.67%"
"2010年4月26日","1.0008","0.9990","1.0026","0.9966","0.11%"
"2010年4月23日","0.9997","1.0004","1.0067","0.9967","-0.07%"
"2010年4月22日","1.0004","0.9998","1.0040","0.9955","0.06%"
"2010年4月21日","0.9998","0.9982","1.0016","0.9929","0.16%"
"2010年4月20日","0.9982","1.0145","1.0166","0.9970","-1.62%"
"2010年4月19日","1.0146","1.0152","1.0216","1.0135","0.20%"
"2010年4月16日","1.0126","1.0021","1.0166","0.9995","1.07%"
"2010年4月15日","1.0019","0.9988","1.0036","0.9954","0.29%"
"2010年4月14日","0.9990","1.0015","1.0023","0.9952","-0.24%"
"2010年4月13日","1.0014","1.0027","1.0066","1.0002","-0.15%"
"2010年4月12日","1.0029","1.0055","1.0090","1.0010","0.00%"
"2010年4月9日","1.0029","1.0023","1.0084","0.9990","0.10%"
"2010年4月8日","1.0019","1.0055","1.0105","1.0017","-0.36%"
"2010年4月7日","1.0055","1.0011","1.0065","0.9977","0.38%"
"2010年4月6日","1.0017","1.0017","1.0050","0.9988","0.03%"
"2010年4月5日","1.0014","1.0082","1.0089","1.0009","-0.99%"
"2010年4月2日","1.0114","1.0084","1.0130","1.0080","0.28%"
"2010年4月1日","1.0086","1.0152","1.0163","1.0066","-0.67%"
"2010年3月31日","1.0154","1.0200","1.0202","1.0128","-0.43%"
"2010年3月30日","1.0198","1.0208","1.0225","1.0156","-0.13%"
"2010年3月29日","1.0211","1.0253","1.0274","1.0176","-0.59%"
"2010年3月26日","1.0272","1.0244","1.0304","1.0204","0.25%"
"2010年3月25日","1.0246","1.0250","1.0255","1.0168","-0.18%"
"2010年3月24日","1.0264","1.0167","1.0283","1.0156","1.01%"
"2010年3月23日","1.0161","1.0183","1.0231","1.0152","-0.20%"
"2010年3月22日","1.0181","1.0162","1.0246","1.0147","0.08%"
"2010年3月19日","1.0173","1.0145","1.0189","1.0061","0.24%"
"2010年3月18日","1.0149","1.0102","1.0152","1.0090","0.53%"
"2010年3月17日","1.0095","1.0135","1.0149","1.0069","-0.41%"
"2010年3月16日","1.0137","1.0192","1.0204","1.0135","-0.50%"
"2010年3月15日","1.0188","1.0171","1.0233","1.0163","0.03%"
"2010年3月12日","1.0185","1.0242","1.0252","1.0154","-0.57%"
"2010年3月11日","1.0243","1.0253","1.0323","1.0228","-0.14%"
"2010年3月10日","1.0257","1.0262","1.0292","1.0215","-0.06%"
"2010年3月9日","1.0263","1.0280","1.0322","1.0236","-0.17%"
"2010年3月8日","1.0280","1.0286","1.0296","1.0251","-0.20%"
"2010年3月5日","1.0301","1.0312","1.0333","1.0261","-0.13%"
"2010年3月4日","1.0314","1.0323","1.0342","1.0271","0.02%"
"2010年3月3日","1.0312","1.0356","1.0367","1.0273","-0.48%"
"2010年3月2日","1.0362","1.0417","1.0444","1.0307","-0.57%"
"2010年3月1日","1.0421","1.0548","1.0576","1.0411","-1.04%"
"2010年2月26日","1.0530","1.0602","1.0619","1.0511","-0.70%"
"2010年2月25日","1.0604","1.0538","1.0682","1.0513","0.55%"
"2010年2月24日","1.0546","1.0563","1.0595","1.0512","-0.11%"
"2010年2月23日","1.0558","1.0433","1.0581","1.0381","1.24%"
"2010年2月22日","1.0429","1.0381","1.0441","1.0369","0.29%"
"2010年2月19日","1.0399","1.0457","1.0532","1.0388","-0.15%"
"2010年2月18日","1.0415","1.0466","1.0500","1.0398","-0.44%"
"2010年2月17日","1.0461","1.0440","1.0473","1.0412","0.18%"
"2010年2月16日","1.0442","1.0490","1.0501","1.0408","-0.48%"
"2010年2月15日","1.0492","1.0515","1.0535","1.0464","-0.18%"
"2010年2月12日","1.0511","1.0505","1.0579","1.0488","0.04%"
"2010年2月11日","1.0507","1.0631","1.0633","1.0478","-1.15%"
"2010年2月10日","1.0629","1.0667","1.0709","1.0596","-0.45%"
"2010年2月9日","1.0677","1.0753","1.0778","1.0646","-0.72%"
"2010年2月8日","1.0754","1.0687","1.0755","1.0655","0.62%"
"2010年2月5日","1.0688","1.0741","1.0783","1.0646","-0.35%"
"2010年2月4日","1.0726","1.0629","1.0753","1.0595","0.97%"
"2010年2月3日","1.0623","1.0579","1.0631","1.0545","0.40%"
"2010年2月2日","1.0581","1.0614","1.0642","1.0564","-0.36%"
"2010年2月1日","1.0619","1.0706","1.0723","1.0611","-0.74%"
"2010年1月29日","1.0698","1.0665","1.0701","1.0623","0.30%"
"2010年1月28日","1.0666","1.0652","1.0668","1.0554","0.24%"
"2010年1月27日","1.0640","1.0627","1.0690","1.0608","0.14%"
"2010年1月26日","1.0625","1.0576","1.0694","1.0544","0.39%"
"2010年1月25日","1.0584","1.0576","1.0615","1.0532","0.07%"
"2010年1月22日","1.0577","1.0520","1.0604","1.0463","0.52%"
"2010年1月21日","1.0522","1.0465","1.0526","1.0438","0.56%"
"2010年1月20日","1.0463","1.0313","1.0493","1.0304","1.51%"
"2010年1月19日","1.0307","1.0261","1.0349","1.0248","0.43%"
"2010年1月18日","1.0263","1.0303","1.0316","1.0248","-0.24%"
"2010年1月15日","1.0288","1.0231","1.0316","1.0231","0.53%"
"2010年1月14日","1.0234","1.0305","1.0324","1.0223","-0.74%"
"2010年1月13日","1.0310","1.0391","1.0413","1.0290","-0.83%"
"2010年1月12日","1.0396","1.0335","1.0417","1.0314","0.59%"
"2010年1月11日","1.0335","1.0282","1.0345","1.0252","0.33%"
"2010年1月8日","1.0301","1.0343","1.0385","1.0295","-0.44%"
"2010年1月7日","1.0347","1.0320","1.0375","1.0292","0.28%"
"2010年1月6日","1.0318","1.0387","1.0412","1.0312","-0.75%"
"2010年1月5日","1.0396","1.0417","1.0427","1.0337","-0.20%"
"2010年1月4日","1.0417","1.0520","1.0520","1.0353","-0.98%"
"2010年1月1日","1.0520","1.0539","1.0541","1.0520","0.00%"
"2009年12月31日","1.0520","1.0557","1.0563","1.0456","-0.27%"
"2009年12月30日","1.0548","1.0439","1.0581","1.0426","1.09%"
"2009年12月29日","1.0434","1.0424","1.0446","1.0366","0.01%"
"2009年12月28日","1.0433","1.0502","1.0502","1.0418","-0.65%"
"2009年12月25日","1.0501","1.0501","1.0505","1.0494","0.00%"
"2009年12月24日","1.0501","1.0483","1.0511","1.0450","0.14%"
"2009年12月23日","1.0486","1.0574","1.0579","1.0469","-0.90%"
"2009年12月22日","1.0581","1.0625","1.0636","1.0541","-0.41%"
"2009年12月21日","1.0625","1.0667","1.0702","1.0537","-0.36%"
"2009年12月18日","1.0663","1.0713","1.0726","1.0627","-0.41%"
"2009年12月17日","1.0707","1.0610","1.0747","1.0608","0.90%"
"2009年12月16日","1.0612","1.0617","1.0644","1.0570","-0.02%"
"2009年12月15日","1.0614","1.0587","1.0654","1.0551","0.24%"
"2009年12月14日","1.0589","1.0604","1.0665","1.0566","-0.12%"
"2009年12月11日","1.0602","1.0511","1.0623","1.0484","0.90%"
"2009年12月10日","1.0507","1.0549","1.0584","1.0478","-0.38%"
"2009年12月9日","1.0547","1.0633","1.0663","1.0514","-0.85%"
"2009年12月8日","1.0637","1.0522","1.0673","1.0487","1.11%"
"2009年12月7日","1.0520","1.0560","1.0650","1.0482","-0.53%"
"2009年12月4日","1.0576","1.0571","1.0599","1.0434","0.25%"
"2009年12月3日","1.0550","1.0511","1.0586","1.0463","0.37%"
"2009年12月2日","1.0511","1.0459","1.0516","1.0431","0.44%"
"2009年12月1日","1.0465","1.0556","1.0579","1.0404","-0.87%"
"2009年11月30日","1.0557","1.0579","1.0621","1.0535","-0.60%"
"2009年11月27日","1.0621","1.0591","1.0751","1.0585","0.11%"
"2009年11月26日","1.0609","1.0456","1.0624","1.0449","1.48%"
"2009年11月25日","1.0454","1.0584","1.0586","1.0451","-1.26%"
"2009年11月24日","1.0587","1.0563","1.0645","1.0553","0.26%"
"2009年11月23日","1.0560","1.0705","1.0715","1.0541","-1.30%"
"2009年11月20日","1.0699","1.0633","1.0734","1.0612","0.60%"
"2009年11月19日","1.0635","1.0545","1.0691","1.0544","0.89%"
"2009年11月18日","1.0541","1.0511","1.0585","1.0450","0.26%"
"2009年11月17日","1.0514","1.0480","1.0621","1.0465","0.37%"
"2009年11月16日","1.0475","1.0540","1.0544","1.0427","-0.29%"
"2009年11月13日","1.0505","1.0567","1.0570","1.0473","-0.48%"
"2009年11月12日","1.0556","1.0454","1.0579","1.0414","0.95%"
"2009年11月11日","1.0457","1.0495","1.0506","1.0433","-0.36%"
"2009年11月10日","1.0495","1.0558","1.0608","1.0482","-0.68%"
"2009年11月9日","1.0567","1.0720","1.0749","1.0543","-1.64%"
"2009年11月6日","1.0743","1.0663","1.0782","1.0608","0.77%"
"2009年11月5日","1.0661","1.0625","1.0682","1.0604","0.38%"
"2009年11月4日","1.0621","1.0659","1.0685","1.0594","-0.50%"
"2009年11月3日","1.0674","1.0770","1.0854","1.0654","-0.98%"
"2009年11月2日","1.0780","1.0848","1.0871","1.0713","-0.61%"
"2009年10月30日","1.0846","1.0669","1.0850","1.0652","1.61%"
"2009年10月29日","1.0674","1.0804","1.0824","1.0655","-1.28%"
"2009年10月28日","1.0812","1.0644","1.0814","1.0635","1.56%"
"2009年10月27日","1.0646","1.0692","1.0718","1.0627","-0.34%"
"2009年10月26日","1.0682","1.0532","1.0699","1.0501","1.38%"
"2009年10月23日","1.0537","1.0476","1.0545","1.0446","0.61%"
"2009年10月22日","1.0473","1.0433","1.0547","1.0416","0.44%"
"2009年10月21日","1.0427","1.0492","1.0585","1.0377","-0.67%"
"2009年10月20日","1.0497","1.0276","1.0528","1.0267","2.07%"
"2009年10月19日","1.0284","1.0391","1.0423","1.0278","-0.79%"
"2009年10月16日","1.0366","1.0337","1.0436","1.0286","0.26%"
"2009年10月15日","1.0339","1.0243","1.0375","1.0207","0.95%"
"2009年10月14日","1.0242","1.0318","1.0328","1.0233","-0.74%"
"2009年10月13日","1.0318","1.0347","1.0373","1.0265","-0.33%"
"2009年10月12日","1.0352","1.0431","1.0453","1.0316","-0.70%"
"2009年10月9日","1.0425","1.0516","1.0553","1.0410","-0.86%"
"2009年10月8日","1.0515","1.0616","1.0633","1.0506","-0.93%"
"2009年10月7日","1.0614","1.0593","1.0650","1.0526","0.18%"
"2009年10月6日","1.0595","1.0706","1.0716","1.0546","-1.05%"
"2009年10月5日","1.0707","1.0808","1.0825","1.0692","-0.82%"
"2009年10月2日","1.0796","1.0835","1.0960","1.0788","-0.40%"
"2009年10月1日","1.0839","1.0695","1.0849","1.0673","1.37%"
"2009年9月30日","1.0692","1.0847","1.0856","1.0671","-1.44%"
"2009年9月29日","1.0848","1.0854","1.0926","1.0793","-0.04%"
"2009年9月28日","1.0852","1.0911","1.0995","1.0833","-0.56%"
"2009年9月25日","1.0913","1.0888","1.0985","1.0861","0.17%"
"2009年9月24日","1.0894","1.0766","1.0949","1.0707","1.31%"
"2009年9月23日","1.0753","1.0688","1.0779","1.0661","0.58%"
"2009年9月22日","1.0691","1.0784","1.0790","1.0661","-0.87%"
"2009年9月21日","1.0785","1.0701","1.0856","1.0678","0.89%"
"2009年9月18日","1.0690","1.0659","1.0770","1.0648","0.32%"
"2009年9月17日","1.0656","1.0669","1.0679","1.0593","-0.08%"
"2009年9月16日","1.0665","1.0728","1.0737","1.0644","-0.57%"
"2009年9月15日","1.0726","1.0830","1.0873","1.0711","-1.01%"
"2009年9月14日","1.0835","1.0774","1.0929","1.0769","0.62%"
"2009年9月11日","1.0768","1.0776","1.0793","1.0715","-0.06%"
"2009年9月10日","1.0774","1.0791","1.0881","1.0768","-0.10%"
"2009年9月9日","1.0785","1.0796","1.0837","1.0745","-0.11%"
"2009年9月8日","1.0797","1.0776","1.0825","1.0674","0.19%"
"2009年9月7日","1.0776","1.0866","1.0869","1.0740","-0.97%"
"2009年9月4日","1.0882","1.1020","1.1039","1.0825","-1.30%"
"2009年9月3日","1.1025","1.1050","1.1075","1.0968","-0.24%"
"2009年9月2日","1.1052","1.1042","1.1105","1.1006","0.13%"
"2009年9月1日","1.1038","1.0939","1.1070","1.0872","0.83%"
"2009年8月31日","1.0947","1.0917","1.1094","1.0903","0.27%"
"2009年8月28日","1.0917","1.0878","1.0938","1.0792","0.37%"
"2009年8月27日","1.0877","1.0985","1.1023","1.0833","-0.93%"
"2009年8月26日","1.0979","1.0866","1.1003","1.0831","0.99%"
"2009年8月25日","1.0871","1.0768","1.0873","1.0720","0.98%"
"2009年8月24日","1.0766","1.0796","1.0827","1.0726","-0.43%"
"2009年8月21日","1.0812","1.0880","1.0945","1.0764","-0.63%"
"2009年8月20日","1.0880","1.0949","1.0997","1.0863","-0.61%"
"2009年8月19日","1.0947","1.1019","1.1115","1.0938","-0.63%"
"2009年8月18日","1.1016","1.1075","1.1109","1.1002","-0.57%"
"2009年8月17日","1.1079","1.0997","1.1127","1.0992","0.87%"
"2009年8月14日","1.0983","1.0875","1.1023","1.0814","1.08%"
"2009年8月13日","1.0866","1.0885","1.0912","1.0793","-0.14%"
"2009年8月12日","1.0881","1.1017","1.1078","1.0850","-1.24%"
"2009年8月11日","1.1018","1.0879","1.1049","1.0866","1.23%"
"2009年8月10日","1.0884","1.0831","1.0932","1.0795","0.65%"
"2009年8月7日","1.0814","1.0781","1.0867","1.0755","0.32%"
"2009年8月6日","1.0779","1.0701","1.0800","1.0676","0.71%"
"2009年8月5日","1.0703","1.0733","1.0787","1.0679","-0.12%"
"2009年8月4日","1.0716","1.0664","1.0768","1.0633","0.53%"
"2009年8月3日","1.0660","1.0772","1.0794","1.0643","-1.10%"
"2009年7月31日","1.0779","1.0846","1.0858","1.0764","-0.50%"
"2009年7月30日","1.0833","1.0911","1.0914","1.0805","-0.71%"
"2009年7月29日","1.0911","1.0808","1.0936","1.0800","0.99%"
"2009年7月28日","1.0804","1.0812","1.0907","1.0751","-0.04%"
"2009年7月27日","1.0808","1.0854","1.0880","1.0777","-0.54%"
"2009年7月24日","1.0867","1.0894","1.0924","1.0793","-0.31%"
"2009年7月23日","1.0901","1.1002","1.1012","1.0840","-0.88%"
"2009年7月22日","1.0998","1.1040","1.1093","1.0952","-0.38%"
"2009年7月21日","1.1040","1.1068","1.1117","1.0965","-0.26%"
"2009年7月20日","1.1069","1.1153","1.1155","1.1019","-0.58%"
"2009年7月17日","1.1134","1.1176","1.1200","1.1128","-0.38%"
"2009年7月16日","1.1176","1.1134","1.1227","1.1126","0.44%"
"2009年7月15日","1.1127","1.1333","1.1351","1.1118","-1.82%"
"2009年7月14日","1.1333","1.1509","1.1534","1.1323","-1.58%"
"2009年7月13日","1.1515","1.1622","1.1673","1.1503","-1.07%"
"2009年7月10日","1.1639","1.1618","1.1677","1.1597","0.17%"
"2009年7月9日","1.1619","1.1678","1.1681","1.1547","-0.47%"
"2009年7月8日","1.1674","1.1660","1.1727","1.1587","0.14%"
"2009年7月7日","1.1658","1.1595","1.1675","1.1542","0.54%"
"2009年7月6日","1.1595","1.1620","1.1681","1.1587","-0.11%"
"2009年7月3日","1.1608","1.1637","1.1641","1.1561","-0.25%"
"2009年7月2日","1.1637","1.1490","1.1637","1.1471","1.31%"
"2009年7月1日","1.1486","1.1631","1.1658","1.1439","-1.21%"
"2009年6月30日","1.1627","1.1568","1.1641","1.1511","0.50%"
"2009年6月29日","1.1569","1.1525","1.1603","1.1509","0.37%"
"2009年6月26日","1.1526","1.1547","1.1566","1.1444","-0.18%"
"2009年6月25日","1.1547","1.1558","1.1641","1.1526","-0.10%"
"2009年6月24日","1.1559","1.1498","1.1585","1.1418","0.52%"
"2009年6月23日","1.1499","1.1539","1.1584","1.1467","-0.42%"
"2009年6月22日","1.1547","1.1349","1.1557","1.1336","1.69%"
"2009年6月19日","1.1355","1.1321","1.1366","1.1250","0.26%"
"2009年6月18日","1.1326","1.1326","1.1366","1.1233","0.10%"
"2009年6月17日","1.1315","1.1351","1.1448","1.1275","-0.33%"
"2009年6月16日","1.1352","1.1322","1.1376","1.1223","0.25%"
"2009年6月15日","1.1324","1.1195","1.1378","1.1181","1.21%"
"2009年6月12日","1.1189","1.1037","1.1248","1.1008","1.49%"
"2009年6月11日","1.1025","1.1090","1.1105","1.0949","-0.57%"
"2009年6月10日","1.1088","1.1038","1.1164","1.0941","0.42%"
"2009年6月9日","1.1042","1.1164","1.1195","1.0981","-1.11%"
"2009年6月8日","1.1166","1.1204","1.1294","1.1139","-0.22%"
"2009年6月5日","1.1191","1.0981","1.1208","1.0962","2.01%"
"2009年6月4日","1.0970","1.1143","1.1161","1.0928","-1.44%"
"2009年6月3日","1.1130","1.0818","1.1134","1.0795","2.89%"
"2009年6月2日","1.0817","1.0918","1.0974","1.0790","-0.84%"
"2009年6月1日","1.0909","1.0907","1.0947","1.0785","0.02%"
"2009年5月29日","1.0907","1.1149","1.1159","1.0892","-2.12%"
"2009年5月28日","1.1143","1.1223","1.1260","1.1108","-0.68%"
"2009年5月27日","1.1219","1.1163","1.1235","1.1099","0.52%"
"2009年5月26日","1.1161","1.1240","1.1358","1.1154","-0.71%"
"2009年5月25日","1.1241","1.1210","1.1283","1.1195","0.39%"
"2009年5月22日","1.1197","1.1366","1.1372","1.1189","-1.43%"
"2009年5月21日","1.1360","1.1426","1.1485","1.1349","-0.53%"
"2009年5月20日","1.1421","1.1558","1.1587","1.1365","-1.21%"
"2009年5月19日","1.1561","1.1638","1.1663","1.1523","-0.58%"
"2009年5月18日","1.1629","1.1784","1.1816","1.1608","-1.28%"
"2009年5月15日","1.1780","1.1707","1.1810","1.1648","0.66%"
"2009年5月14日","1.1703","1.1736","1.1789","1.1684","-0.26%"
"2009年5月13日","1.1734","1.1627","1.1778","1.1553","0.95%"
"2009年5月12日","1.1624","1.1670","1.1700","1.1540","-0.43%"
"2009年5月11日","1.1674","1.1493","1.1675","1.1477","1.50%"
"2009年5月8日","1.1502","1.1696","1.1734","1.1489","-1.66%"
"2009年5月7日","1.1696","1.1678","1.1766","1.1630","0.20%"
"2009年5月6日","1.1673","1.1764","1.1826","1.1652","-0.73%"
"2009年5月5日","1.1759","1.1728","1.1793","1.1679","0.21%"
"2009年5月4日","1.1734","1.1866","1.1902","1.1723","-1.01%"
"2009年5月1日","1.1854","1.1942","1.1953","1.1829","-0.72%"
"2009年4月30日","1.1940","1.2050","1.2050","1.1862","-0.81%"
"2009年4月29日","1.2038","1.2202","1.2219","1.1990","-1.37%"
"2009年4月28日","1.2205","1.2197","1.2266","1.2163","-0.06%"
"2009年4月27日","1.2212","1.2111","1.2220","1.2075","0.98%"
"2009年4月24日","1.2094","1.2235","1.2271","1.2073","-1.15%"
"2009年4月23日","1.2235","1.2403","1.2416","1.2222","-1.40%"
"2009年4月22日","1.2409","1.2364","1.2478","1.2328","0.32%"
"2009年4月21日","1.2370","1.2383","1.2507","1.2327","-0.15%"
"2009年4月20日","1.2389","1.2136","1.2399","1.2123","2.07%"
"2009年4月17日","1.2138","1.2098","1.2180","1.2075","0.30%"
"2009年4月16日","1.2102","1.2050","1.2149","1.1982","0.62%"
"2009年4月15日","1.2027","1.2154","1.2188","1.2016","-1.07%"
"2009年4月14日","1.2157","1.2204","1.2242","1.2063","-0.36%"
"2009年4月13日","1.2201","1.2254","1.2303","1.2166","-0.50%"
"2009年4月10日","1.2262","1.2237","1.2300","1.2237","0.12%"
"2009年4月9日","1.2247","1.2361","1.2403","1.2212","-0.91%"
"2009年4月8日","1.2359","1.2379","1.2469","1.2310","-0.14%"
"2009年4月7日","1.2376","1.2401","1.2485","1.2330","-0.08%"
"2009年4月6日","1.2386","1.2296","1.2443","1.2224","0.72%"
"2009年4月3日","1.2298","1.2374","1.2458","1.2294","-0.60%"
"2009年4月2日","1.2372","1.2588","1.2612","1.2338","-1.83%"
"2009年4月1日","1.2603","1.2622","1.2717","1.2574","-0.06%"
"2009年3月31日","1.2610","1.2615","1.2655","1.2503","-0.08%"
"2009年3月30日","1.2620","1.2407","1.2651","1.2384","1.59%"
"2009年3月27日","1.2422","1.2292","1.2448","1.2266","1.01%"
"2009年3月26日","1.2298","1.2329","1.2338","1.2241","-0.19%"
"2009年3月25日","1.2321","1.2302","1.2357","1.2220","0.17%"
"2009年3月24日","1.2300","1.2239","1.2325","1.2203","0.51%"
"2009年3月23日","1.2237","1.2393","1.2399","1.2201","-1.41%"
"2009年3月20日","1.2412","1.2395","1.2447","1.2292","0.12%"
"2009年3月19日","1.2397","1.2462","1.2504","1.2191","-0.51%"
"2009年3月18日","1.2460","1.2693","1.2752","1.2430","-1.83%"
"2009年3月17日","1.2692","1.2705","1.2770","1.2677","-0.21%"
"2009年3月16日","1.2719","1.2729","1.2788","1.2635","-0.02%"
"2009年3月13日","1.2721","1.2780","1.2845","1.2626","-0.46%"
"2009年3月12日","1.2780","1.2848","1.2958","1.2768","-0.57%"
"2009年3月11日","1.2853","1.2809","1.2905","1.2752","0.31%"
"2009年3月10日","1.2813","1.3010","1.3014","1.2727","-1.42%"
"2009年3月9日","1.2997","1.2853","1.3066","1.2816","0.93%"
"2009年3月6日","1.2877","1.2887","1.2912","1.2763","-0.11%"
"2009年3月5日","1.2891","1.2746","1.2913","1.2725","1.15%"
"2009年3月4日","1.2744","1.2929","1.2970","1.2714","-1.46%"
"2009年3月3日","1.2933","1.2916","1.2976","1.2806","0.19%"
"2009年3月2日","1.2908","1.2772","1.2919","1.2725","1.38%"
"2009年2月27日","1.2732","1.2530","1.2733","1.2518","1.70%"
"2009年2月26日","1.2519","1.2571","1.2582","1.2397","-0.40%"
"2009年2月25日","1.2569","1.2425","1.2615","1.2400","1.13%"
"2009年2月24日","1.2429","1.2509","1.2543","1.2395","-0.58%"
"2009年2月23日","1.2501","1.2504","1.2559","1.2358","-0.06%"
"2009年2月20日","1.2508","1.2582","1.2652","1.2422","-0.67%"
"2009年2月19日","1.2593","1.2618","1.2624","1.2468","-0.08%"
"2009年2月18日","1.2603","1.2645","1.2656","1.2529","-0.37%"
"2009年2月17日","1.2650","1.2438","1.2675","1.2416","1.70%"
"2009年2月16日","1.2439","1.2406","1.2490","1.2393","0.75%"
"2009年2月13日","1.2346","1.2426","1.2464","1.2281","-0.72%"
"2009年2月12日","1.2435","1.2410","1.2550","1.2382","0.14%"
"2009年2月11日","1.2418","1.2447","1.2532","1.2389","-0.35%"
"2009年2月10日","1.2462","1.2167","1.2494","1.2149","2.48%"
"2009年2月9日","1.2161","1.2221","1.2302","1.2131","-0.78%"
"2009年2月6日","1.2256","1.2332","1.2542","1.2233","-0.50%"
"2009年2月5日","1.2317","1.2327","1.2382","1.2226","-0.06%"
"2009年2月4日","1.2325","1.2306","1.2439","1.2226","0.10%"
"2009年2月3日","1.2313","1.2431","1.2523","1.2294","-0.91%"
"2009年2月2日","1.2426","1.2281","1.2466","1.2262","1.28%"
"2009年1月30日","1.2269","1.2248","1.2419","1.2217","0.25%"
"2009年1月29日","1.2239","1.2121","1.2247","1.2093","0.72%"
"2009年1月28日","1.2151","1.2298","1.2308","1.2026","-0.95%"
"2009年1月27日","1.2268","1.2234","1.2334","1.2152","0.33%"
"2009年1月26日","1.2228","1.2324","1.2389","1.2141","-0.67%"
"2009年1月23日","1.2311","1.2529","1.2651","1.2268","-1.79%"
"2009年1月22日","1.2535","1.2565","1.2741","1.2518","-0.19%"
"2009年1月21日","1.2559","1.2666","1.2767","1.2548","-0.87%"
"2009年1月20日","1.2669","1.2534","1.2698","1.2531","0.98%"
"2009年1月19日","1.2546","1.2435","1.2574","1.2374","0.50%"
"2009年1月16日","1.2483","1.2525","1.2578","1.2317","-0.30%"
"2009年1月15日","1.2521","1.2489","1.2673","1.2414","0.33%"
"2009年1月14日","1.2480","1.2250","1.2494","1.2103","1.91%"
"2009年1月13日","1.2246","1.2190","1.2340","1.2153","0.66%"
"2009年1月12日","1.2166","1.1874","1.2178","1.1873","2.36%"
"2009年1月9日","1.1886","1.1800","1.1970","1.1793","0.79%"
"2009年1月8日","1.1793","1.1944","1.2075","1.1770","-1.40%"
"2009年1月7日","1.1961","1.1839","1.2001","1.1774","0.95%"
"2009年1月6日","1.1848","1.1890","1.2001","1.1761","-0.34%"
"2009年1月5日","1.1888","1.2060","1.2226","1.1869","-2.16%"
"2009年1月2日","1.2151","1.2197","1.2277","1.2066","-0.46%"
"2009年1月1日","1.2207","1.2170","1.2226","1.2167","0.32%"
"2008年12月31日","1.2168","1.2172","1.2363","1.2107","-0.28%"
"2008年12月30日","1.2202","1.2200","1.2343","1.2142","0.18%"
"2008年12月29日","1.2180","1.2220","1.2225","1.2072","-0.34%"
"2008年12月26日","1.2221","1.2133","1.2226","1.2127","0.44%"
"2008年12月25日","1.2167","1.2124","1.2203","1.2121","0.21%"
"2008年12月24日","1.2142","1.2178","1.2210","1.2083","-0.21%"
"2008年12月23日","1.2168","1.2194","1.2254","1.2049","-0.24%"
"2008年12月22日","1.2197","1.2156","1.2215","1.1987","-0.38%"
"2008年12月19日","1.2243","1.2050","1.2376","1.2031","1.60%"
"2008年12月18日","1.2050","1.1917","1.2117","1.1818","0.74%"
"2008年12月17日","1.1961","1.2045","1.2121","1.1932","-0.73%"
"2008年12月16日","1.2049","1.2340","1.2379","1.1988","-2.28%"
"2008年12月15日","1.2330","1.2465","1.2467","1.2231","-1.28%"
"2008年12月12日","1.2490","1.2351","1.2515","1.2284","1.11%"
"2008年12月11日","1.2353","1.2587","1.2610","1.2159","-1.90%"
"2008年12月10日","1.2592","1.2648","1.2666","1.2488","-0.50%"
"2008年12月9日","1.2655","1.2520","1.2746","1.2497","0.86%"
"2008年12月8日","1.2547","1.2713","1.2756","1.2448","-1.20%"
"2008年12月5日","1.2700","1.2761","1.3009","1.2687","-0.60%"
"2008年12月4日","1.2777","1.2536","1.2800","1.2515","2.00%"
"2008年12月3日","1.2527","1.2505","1.2668","1.2442","0.02%"
"2008年12月2日","1.2524","1.2470","1.2584","1.2382","0.68%"
"2008年12月1日","1.2439","1.2369","1.2525","1.2306","0.66%"
"2008年11月28日","1.2357","1.2315","1.2468","1.2313","0.30%"
"2008年11月27日","1.2320","1.2313","1.2376","1.2236","0.39%"
"2008年11月26日","1.2272","1.2244","1.2415","1.2161","0.15%"
"2008年11月25日","1.2254","1.2306","1.2479","1.2125","-0.38%"
"2008年11月24日","1.2301","1.2675","1.2777","1.2243","-3.51%"
"2008年11月21日","1.2748","1.2959","1.2986","1.2744","-1.47%"
"2008年11月20日","1.2938","1.2544","1.2950","1.2515","3.18%"
"2008年11月19日","1.2539","1.2313","1.2548","1.2286","2.10%"
"2008年11月18日","1.2281","1.2268","1.2387","1.2180","0.38%"
"2008年11月17日","1.2235","1.2388","1.2424","1.2113","-0.39%"
"2008年11月14日","1.2283","1.2138","1.2317","1.2100","1.26%"
"2008年11月13日","1.2130","1.2361","1.2448","1.2107","-1.81%"
"2008年11月12日","1.2353","1.2063","1.2384","1.1981","2.50%"
"2008年11月11日","1.2052","1.1949","1.2098","1.1890","0.58%"
"2008年11月10日","1.1983","1.1774","1.1993","1.1660","0.79%"
"2008年11月7日","1.1889","1.1969","1.2026","1.1671","-0.32%"
"2008年11月6日","1.1927","1.1688","1.1953","1.1616","2.18%"
"2008年11月5日","1.1673","1.1495","1.1693","1.1466","1.44%"
"2008年11月4日","1.1507","1.1807","1.1896","1.1480","-2.63%"
"2008年11月3日","1.1818","1.2098","1.2119","1.1801","-2.53%"
"2008年10月31日","1.2125","1.2017","1.2381","1.1943","0.91%"
"2008年10月30日","1.2016","1.2207","1.2256","1.1900","-1.89%"
"2008年10月29日","1.2248","1.2705","1.2872","1.2126","-3.70%"
"2008年10月28日","1.2718","1.2981","1.3020","1.2717","-1.88%"
"2008年10月27日","1.2962","1.2784","1.2972","1.2703","1.46%"
"2008年10月24日","1.2776","1.2437","1.2843","1.2437","2.63%"
"2008年10月23日","1.2448","1.2549","1.2743","1.2432","-0.77%"
"2008年10月22日","1.2544","1.2125","1.2599","1.2106","3.34%"
"2008年10月21日","1.2138","1.1926","1.2210","1.1909","1.98%"
"2008年10月20日","1.1902","1.1822","1.1984","1.1740","0.66%"
"2008年10月17日","1.1824","1.1788","1.1934","1.1774","0.56%"
"2008年10月16日","1.1758","1.1912","1.1997","1.1758","-1.23%"
"2008年10月15日","1.1905","1.1620","1.1925","1.1538","2.49%"
"2008年10月14日","1.1616","1.1462","1.1652","1.1305","1.34%"
"2008年10月13日","1.1462","1.1683","1.1798","1.1452","-2.30%"
"2008年10月10日","1.1732","1.1475","1.2123","1.1458","2.31%"
"2008年10月9日","1.1467","1.1266","1.1507","1.1210","1.61%"
"2008年10月8日","1.1285","1.1034","1.1293","1.0997","2.20%"
"2008年10月7日","1.1042","1.1042","1.1088","1.0951","0.15%"
"2008年10月6日","1.1025","1.0835","1.1090","1.0815","1.83%"
"2008年10月3日","1.0827","1.0787","1.0844","1.0726","0.25%"
"2008年10月2日","1.0800","1.0628","1.0810","1.0622","1.70%"
"2008年10月1日","1.0619","1.0628","1.0659","1.0547","-0.24%"
"2008年9月30日","1.0645","1.0460","1.0665","1.0441","1.81%"
"2008年9月29日","1.0456","1.0361","1.0463","1.0333","1.16%"
"2008年9月26日","1.0336","1.0334","1.0376","1.0316","-0.01%"
"2008年9月25日","1.0337","1.0384","1.0387","1.0298","-0.50%"
"2008年9月24日","1.0389","1.0384","1.0395","1.0314","0.13%"
"2008年9月23日","1.0375","1.0354","1.0401","1.0305","0.13%"
"2008年9月22日","1.0362","1.0471","1.0517","1.0315","-1.01%"
"2008年9月19日","1.0468","1.0583","1.0669","1.0430","-1.14%"
"2008年9月18日","1.0589","1.0721","1.0728","1.0578","-1.31%"
"2008年9月17日","1.0730","1.0715","1.0810","1.0616","0.18%"
"2008年9月16日","1.0711","1.0695","1.0751","1.0661","0.21%"
"2008年9月15日","1.0689","1.0631","1.0753","1.0570","0.83%"
"2008年9月12日","1.0601","1.0741","1.0765","1.0587","-1.22%"
"2008年9月11日","1.0732","1.0740","1.0823","1.0700","-0.01%"
"2008年9月10日","1.0733","1.0715","1.0745","1.0656","0.16%"
"2008年9月9日","1.0716","1.0660","1.0719","1.0603","0.54%"
"2008年9月8日","1.0658","1.0571","1.0715","1.0550","0.33%"
"2008年9月5日","1.0623","1.0715","1.0728","1.0602","-0.86%"
"2008年9月4日","1.0715","1.0613","1.0716","1.0545","0.95%"
"2008年9月3日","1.0614","1.0671","1.0778","1.0577","-0.55%"
"2008年9月2日","1.0673","1.0673","1.0749","1.0659","0.04%"
"2008年9月1日","1.0669","1.0615","1.0696","1.0614","0.29%"
"2008年8月29日","1.0638","1.0515","1.0647","1.0471","1.23%"
"2008年8月28日","1.0509","1.0473","1.0539","1.0431","0.36%"
"2008年8月27日","1.0471","1.0485","1.0498","1.0427","-0.10%"
"2008年8月26日","1.0482","1.0506","1.0563","1.0411","-0.30%"
"2008年8月25日","1.0514","1.0483","1.0521","1.0441","0.40%"
"2008年8月22日","1.0472","1.0444","1.0490","1.0421","0.36%"
"2008年8月21日","1.0434","1.0603","1.0608","1.0422","-1.61%"
"2008年8月20日","1.0605","1.0609","1.0655","1.0576","-0.02%"
"2008年8月19日","1.0607","1.0645","1.0671","1.0595","-0.36%"
"2008年8月18日","1.0645","1.0593","1.0648","1.0543","0.50%"
"2008年8月15日","1.0592","1.0652","1.0696","1.0581","-0.54%"
"2008年8月14日","1.0650","1.0625","1.0656","1.0562","0.23%"
"2008年8月13日","1.0626","1.0653","1.0717","1.0614","-0.19%"
"2008年8月12日","1.0646","1.0693","1.0729","1.0613","-0.42%"
"2008年8月11日","1.0691","1.0675","1.0716","1.0610","0.22%"
"2008年8月8日","1.0667","1.0528","1.0697","1.0514","1.28%"
"2008年8月7日","1.0532","1.0480","1.0535","1.0448","0.47%"
"2008年8月6日","1.0483","1.0432","1.0496","1.0401","0.55%"
"2008年8月5日","1.0426","1.0369","1.0455","1.0362","0.52%"
"2008年8月4日","1.0372","1.0268","1.0373","1.0263","0.98%"
"2008年8月1日","1.0271","1.0228","1.0300","1.0226","0.35%"
"2008年7月31日","1.0235","1.0232","1.0266","1.0214","0.06%"
"2008年7月30日","1.0229","1.0240","1.0273","1.0219","-0.11%"
"2008年7月29日","1.0240","1.0225","1.0276","1.0206","0.15%"
"2008年7月28日","1.0225","1.0191","1.0246","1.0174","0.26%"
"2008年7月25日","1.0198","1.0151","1.0208","1.0126","0.39%"
"2008年7月24日","1.0158","1.0115","1.0169","1.0075","0.46%"
"2008年7月23日","1.0111","1.0074","1.0120","1.0056","0.32%"
"2008年7月22日","1.0079","0.9996","1.0116","0.9996","0.84%"
"2008年7月21日","0.9995","1.0065","1.0074","0.9991","-0.62%"
"2008年7月18日","1.0057","1.0048","1.0081","1.0021","-0.02%"
"2008年7月17日","1.0059","1.0016","1.0082","0.9977","0.40%"
"2008年7月16日","1.0019","1.0014","1.0050","0.9997","0.07%"
"2008年7月15日","1.0012","1.0068","1.0071","0.9974","-0.53%"
"2008年7月14日","1.0065","1.0072","1.0142","1.0043","-0.30%"
"2008年7月11日","1.0095","1.0085","1.0181","1.0069","0.04%"
"2008年7月10日","1.0091","1.0123","1.0138","1.0077","-0.21%"
"2008年7月9日","1.0112","1.0185","1.0200","1.0097","-0.77%"
"2008年7月8日","1.0190","1.0171","1.0233","1.0156","0.23%"
"2008年7月7日","1.0167","1.0189","1.0234","1.0151","-0.30%"
"2008年7月4日","1.0198","1.0183","1.0206","1.0141","0.14%"
"2008年7月3日","1.0184","1.0113","1.0222","1.0111","0.65%"
"2008年7月2日","1.0118","1.0221","1.0230","1.0088","-1.04%"
"2008年7月1日","1.0224","1.0202","1.0242","1.0143","0.13%"
"2008年6月30日","1.0211","1.0104","1.0218","1.0062","1.04%"
"2008年6月27日","1.0106","1.0134","1.0140","1.0048","-0.29%"
"2008年6月26日","1.0135","1.0090","1.0145","1.0082","0.44%"
"2008年6月25日","1.0091","1.0122","1.0145","1.0087","-0.29%"
"2008年6月24日","1.0120","1.0158","1.0174","1.0110","-0.36%"
"2008年6月23日","1.0157","1.0165","1.0193","1.0129","-0.10%"
"2008年6月20日","1.0167","1.0151","1.0197","1.0101","0.06%"
"2008年6月19日","1.0161","1.0174","1.0189","1.0109","-0.15%"
"2008年6月18日","1.0176","1.0193","1.0215","1.0166","-0.14%"
"2008年6月17日","1.0190","1.0247","1.0249","1.0166","-0.55%"
"2008年6月16日","1.0246","1.0286","1.0300","1.0196","-0.47%"
"2008年6月13日","1.0294","1.0238","1.0299","1.0216","0.52%"
"2008年6月12日","1.0241","1.0202","1.0278","1.0193","0.39%"
"2008年6月11日","1.0201","1.0219","1.0247","1.0153","-0.19%"
"2008年6月10日","1.0220","1.0234","1.0323","1.0195","-0.14%"
"2008年6月9日","1.0234","1.0185","1.0244","1.0151","0.37%"
"2008年6月6日","1.0196","1.0168","1.0217","1.0160","0.25%"
"2008年6月5日","1.0171","1.0173","1.0223","1.0142","-0.01%"
"2008年6月4日","1.0172","1.0096","1.0192","1.0080","0.81%"
"2008年6月3日","1.0090","1.0017","1.0097","0.9968","0.73%"
"2008年6月2日","1.0017","0.9952","1.0029","0.9929","0.84%"
"2008年5月30日","0.9934","0.9889","0.9981","0.9873","0.51%"
"2008年5月29日","0.9884","0.9896","0.9924","0.9825","-0.13%"
"2008年5月28日","0.9897","0.9938","0.9961","0.9889","-0.49%"
"2008年5月27日","0.9946","0.9922","0.9951","0.9867","0.31%"
"2008年5月26日","0.9915","0.9888","0.9934","0.9861","0.18%"
"2008年5月23日","0.9897","0.9850","0.9903","0.9835","0.54%"
"2008年5月22日","0.9844","0.9832","0.9877","0.9827","0.10%"
"2008年5月21日","0.9834","0.9922","0.9928","0.9818","-0.92%"
"2008年5月20日","0.9925","0.9917","0.9954","0.9873","0.09%"
"2008年5月19日","0.9916","0.9995","1.0001","0.9898","-0.76%"
"2008年5月16日","0.9992","1.0001","1.0024","0.9945","-0.04%"
"2008年5月15日","0.9996","1.0026","1.0063","0.9992","-0.35%"
"2008年5月14日","1.0031","1.0037","1.0070","0.9963","-0.07%"
"2008年5月13日","1.0038","1.0056","1.0096","0.9985","-0.13%"
"2008年5月12日","1.0051","1.0066","1.0109","1.0024","-0.02%"
"2008年5月9日","1.0053","1.0176","1.0176","1.0045","-1.20%"
"2008年5月8日","1.0175","1.0096","1.0178","1.0078","0.77%"
"2008年5月7日","1.0097","1.0024","1.0100","1.0005","0.69%"
"2008年5月6日","1.0028","1.0125","1.0147","0.9998","-0.99%"
"2008年5月5日","1.0128","1.0195","1.0200","1.0120","-0.67%"
"2008年5月2日","1.0196","1.0195","1.0243","1.0147","-0.13%"
"2008年5月1日","1.0209","1.0068","1.0237","1.0062","1.36%"
"2008年4月30日","1.0072","1.0134","1.0145","1.0037","-0.58%"
"2008年4月29日","1.0131","1.0137","1.0167","1.0109","0.05%"
"2008年4月28日","1.0126","1.0131","1.0185","1.0067","-0.12%"
"2008年4月25日","1.0138","1.0144","1.0205","1.0120","-0.04%"
"2008年4月24日","1.0142","1.0170","1.0212","1.0120","-0.29%"
"2008年4月23日","1.0172","1.0074","1.0216","1.0060","1.01%"
"2008年4月22日","1.0070","1.0061","1.0154","1.0024","0.13%"
"2008年4月21日","1.0057","1.0052","1.0095","0.9998","0.13%"
"2008年4月18日","1.0044","1.0103","1.0145","1.0025","-0.55%"
"2008年4月17日","1.0100","1.0009","1.0144","0.9988","0.95%"
"2008年4月16日","1.0005","1.0175","1.0188","1.0001","-1.69%"
"2008年4月15日","1.0177","1.0186","1.0240","1.0163","-0.10%"
"2008年4月14日","1.0187","1.0269","1.0276","1.0177","-0.47%"
"2008年4月11日","1.0235","1.0196","1.0250","1.0133","0.35%"
"2008年4月10日","1.0199","1.0190","1.0225","1.0155","0.10%"
"2008年4月9日","1.0189","1.0137","1.0219","1.0124","0.56%"
"2008年4月8日","1.0132","1.0147","1.0176","1.0107","-0.20%"
"2008年4月7日","1.0152","1.0092","1.0155","1.0040","0.68%"
"2008年4月4日","1.0083","1.0047","1.0104","1.0018","0.39%"
"2008年4月3日","1.0044","1.0143","1.0168","1.0025","-1.02%"
"2008年4月2日","1.0147","1.0227","1.0246","1.0130","-0.76%"
"2008年4月1日","1.0225","1.0261","1.0326","1.0206","-0.35%"
"2008年3月31日","1.0261","1.0227","1.0294","1.0191","0.34%"
"2008年3月28日","1.0226","1.0177","1.0229","1.0142","0.40%"
"2008年3月27日","1.0185","1.0183","1.0235","1.0126","0.04%"
"2008年3月26日","1.0181","1.0181","1.0208","1.0095","0.10%"
"2008年3月25日","1.0171","1.0169","1.0223","1.0125","-0.04%"
"2008年3月24日","1.0175","1.0252","1.0309","1.0156","-0.56%"
"2008年3月21日","1.0232","1.0247","1.0270","1.0224","-0.12%"
"2008年3月20日","1.0244","1.0135","1.0295","1.0105","1.00%"
"2008年3月19日","1.0143","0.9929","1.0175","0.9877","2.20%"
"2008年3月18日","0.9925","0.9984","0.9986","0.9892","-0.47%"
"2008年3月17日","0.9972","0.9883","1.0012","0.9859","0.80%"
"2008年3月14日","0.9893","0.9831","0.9968","0.9817","0.68%"
"2008年3月13日","0.9826","0.9896","0.9920","0.9797","-0.73%"
"2008年3月12日","0.9898","0.9919","0.9939","0.9838","-0.16%"
"2008年3月11日","0.9914","0.9967","0.9974","0.9893","-0.53%"
"2008年3月10日","0.9967","0.9890","0.9985","0.9856","0.70%"
"2008年3月7日","0.9898","0.9849","0.9924","0.9746","0.35%"
"2008年3月6日","0.9863","0.9844","0.9885","0.9818","0.12%"
"2008年3月5日","0.9851","0.9934","0.9956","0.9835","-0.89%"
"2008年3月4日","0.9939","0.9901","0.9979","0.9853","0.45%"
"2008年3月3日","0.9894","0.9855","0.9935","0.9828","0.50%"
"2008年2月29日","0.9845","0.9752","0.9853","0.9749","0.97%"
"2008年2月28日","0.9750","0.9812","0.9823","0.9710","-0.56%"
"2008年2月27日","0.9805","0.9820","0.9832","0.9760","-0.26%"
"2008年2月26日","0.9831","0.9959","0.9987","0.9783","-1.23%"
"2008年2月25日","0.9953","1.0125","1.0130","0.9950","-1.67%"
"2008年2月22日","1.0122","1.0111","1.0170","1.0072","0.11%"
"2008年2月21日","1.0111","1.0124","1.0144","1.0068","-0.17%"
"2008年2月20日","1.0128","1.0175","1.0200","1.0107","-0.43%"
"2008年2月19日","1.0172","1.0075","1.0175","1.0020","0.94%"
"2008年2月18日","1.0077","1.0095","1.0101","1.0049","0.04%"
"2008年2月15日","1.0073","1.0002","1.0114","0.9920","0.67%"
"2008年2月14日","1.0006","0.9969","1.0017","0.9936","0.33%"
"2008年2月13日","0.9973","1.0020","1.0030","0.9965","-0.37%"
"2008年2月12日","1.0010","1.0018","1.0046","0.9940","-0.05%"
"2008年2月11日","1.0015","1.0000","1.0036","0.9955","0.15%"
"2008年2月8日","1.0000","1.0096","1.0105","0.9948","-0.94%"
"2008年2月7日","1.0095","1.0057","1.0128","1.0042","0.33%"
"2008年2月6日","1.0062","1.0072","1.0104","1.0006","-0.08%"
"2008年2月5日","1.0070","0.9932","1.0082","0.9926","1.35%"
"2008年2月4日","0.9936","0.9944","1.0014","0.9922","0.08%"
"2008年2月1日","0.9928","1.0029","1.0036","0.9918","-1.10%"
"2008年1月31日","1.0038","0.9933","1.0088","0.9925","1.14%"
"2008年1月30日","0.9925","0.9982","1.0003","0.9871","-0.59%"
"2008年1月29日","0.9984","1.0044","1.0071","0.9944","-0.60%"
"2008年1月28日","1.0044","1.0093","1.0120","1.0021","-0.23%"
"2008年1月25日","1.0067","1.0027","1.0111","1.0017","0.34%"
"2008年1月24日","1.0033","1.0234","1.0259","1.0031","-1.88%"
"2008年1月23日","1.0225","1.0291","1.0319","1.0222","-0.55%"
"2008年1月22日","1.0282","1.0353","1.0381","1.0206","-0.63%"
"2008年1月21日","1.0347","1.0263","1.0353","1.0261","0.73%"
"2008年1月18日","1.0272","1.0298","1.0309","1.0217","-0.28%"
"2008年1月17日","1.0301","1.0259","1.0310","1.0183","0.58%"
"2008年1月16日","1.0242","1.0170","1.0284","1.0151","0.70%"
"2008年1月15日","1.0171","1.0173","1.0200","1.0124","-0.08%"
"2008年1月14日","1.0179","1.0199","1.0214","1.0147","-0.19%"
"2008年1月11日","1.0198","1.0091","1.0223","1.0070","1.14%"
"2008年1月10日","1.0083","1.0104","1.0153","1.0052","-0.14%"
"2008年1月9日","1.0097","1.0071","1.0124","1.0019","0.29%"
"2008年1月8日","1.0068","1.0052","1.0073","0.9966","0.16%"
"2008年1月7日","1.0052","1.0023","1.0084","0.9970","0.16%"
"2008年1月4日","1.0036","0.9896","1.0037","0.9841","1.46%"
"2008年1月3日","0.9892","0.9929","0.9969","0.9873","-0.44%"
"2008年1月2日","0.9936","0.9924","0.9972","0.9861","0.14%"
"2008年1月1日","0.9922","0.9986","0.9988","0.9914","-0.45%"
"2007年12月31日","0.9967","0.9810","0.9968","0.9766","1.62%"
"2007年12月28日","0.9808","0.9807","0.9850","0.9757","0.00%"
"2007年12月27日","0.9808","0.9812","0.9857","0.9785","0.01%"
"2007年12月26日","0.9807","0.9851","0.9867","0.9802","-0.45%"
"2007年12月25日","0.9851","0.9843","0.9870","0.9831","-0.11%"
"2007年12月24日","0.9862","0.9917","0.9937","0.9841","-0.52%"
"2007年12月21日","0.9914","1.0010","1.0021","0.9909","-0.94%"
"2007年12月20日","1.0008","1.0025","1.0050","0.9953","-0.21%"
"2007年12月19日","1.0029","1.0054","1.0094","1.0016","-0.26%"
"2007年12月18日","1.0055","1.0055","1.0143","1.0013","-0.05%"
"2007年12月17日","1.0060","1.0178","1.0229","1.0026","-1.10%"
"2007年12月14日","1.0172","1.0208","1.0249","1.0128","-0.33%"
"2007年12月13日","1.0206","1.0120","1.0236","1.0095","0.74%"
"2007年12月12日","1.0131","1.0146","1.0178","1.0056","-0.22%"
"2007年12月11日","1.0153","1.0070","1.0168","1.0042","0.94%"
"2007年12月10日","1.0058","1.0042","1.0119","1.0006","0.10%"
"2007年12月7日","1.0048","1.0084","1.0152","1.0007","-0.34%"
"2007年12月6日","1.0082","1.0128","1.0196","1.0074","-0.55%"
"2007年12月5日","1.0138","1.0124","1.0217","1.0087","0.14%"
"2007年12月4日","1.0124","0.9999","1.0154","0.9988","1.24%"
"2007年12月3日","1.0000","0.9994","1.0042","0.9974","-0.01%"
"2007年11月30日","1.0001","0.9981","1.0017","0.9922","0.31%"
"2007年11月29日","0.9970","0.9853","0.9995","0.9834","1.13%"
"2007年11月28日","0.9859","0.9965","1.0002","0.9847","-0.94%"
"2007年11月27日","0.9953","0.9896","1.0004","0.9822","0.58%"
"2007年11月26日","0.9896","0.9869","0.9915","0.9800","0.03%"
"2007年11月23日","0.9893","0.9860","0.9902","0.9800","0.38%"
"2007年11月22日","0.9856","0.9869","0.9885","0.9788","-0.25%"
"2007年11月21日","0.9881","0.9783","0.9927","0.9776","0.91%"
"2007年11月20日","0.9792","0.9847","0.9868","0.9744","-0.57%"
"2007年11月19日","0.9848","0.9771","0.9851","0.9705","1.15%"
"2007年11月16日","0.9736","0.9851","0.9889","0.9705","-1.13%"
"2007年11月15日","0.9847","0.9676","0.9865","0.9607","1.87%"
"2007年11月14日","0.9666","0.9597","0.9677","0.9510","0.72%"
"2007年11月13日","0.9597","0.9688","0.9726","0.9523","-0.96%"
"2007年11月12日","0.9690","0.9457","0.9707","0.9434","2.72%"
"2007年11月9日","0.9433","0.9347","0.9444","0.9253","0.94%"
"2007年11月8日","0.9345","0.9301","0.9407","0.9236","0.64%"
"2007年11月7日","0.9286","0.9204","0.9307","0.9057","0.75%"
"2007年11月6日","0.9217","0.9337","0.9339","0.9207","-1.21%"
"2007年11月5日","0.9330","0.9354","0.9374","0.9304","-0.14%"
"2007年11月2日","0.9343","0.9514","0.9523","0.9326","-1.76%"
"2007年11月1日","0.9510","0.9430","0.9523","0.9423","0.75%"
"2007年10月31日","0.9439","0.9530","0.9567","0.9420","-0.94%"
"2007年10月30日","0.9529","0.9527","0.9577","0.9514","-0.08%"
"2007年10月29日","0.9537","0.9612","0.9631","0.9516","-0.81%"
"2007年10月26日","0.9615","0.9657","0.9670","0.9590","-0.55%"
"2007年10月25日","0.9668","0.9683","0.9701","0.9613","-0.18%"
"2007年10月24日","0.9685","0.9661","0.9737","0.9645","0.24%"
"2007年10月23日","0.9662","0.9782","0.9788","0.9627","-1.22%"
"2007年10月22日","0.9781","0.9667","0.9826","0.9660","1.22%"
"2007年10月19日","0.9663","0.9737","0.9756","0.9632","-0.80%"
"2007年10月18日","0.9741","0.9745","0.9779","0.9718","-0.06%"
"2007年10月17日","0.9747","0.9784","0.9824","0.9728","-0.46%"
"2007年10月16日","0.9792","0.9762","0.9818","0.9744","0.35%"
"2007年10月15日","0.9758","0.9716","0.9780","0.9706","0.47%"
"2007年10月12日","0.9712","0.9762","0.9800","0.9711","-0.57%"
"2007年10月11日","0.9768","0.9819","0.9829","0.9728","-0.52%"
"2007年10月10日","0.9819","0.9818","0.9837","0.9791","0.11%"
"2007年10月9日","0.9808","0.9860","0.9899","0.9792","-0.54%"
"2007年10月8日","0.9861","0.9803","0.9879","0.9803","0.55%"
"2007年10月5日","0.9807","0.9965","0.9984","0.9787","-1.61%"
"2007年10月4日","0.9967","0.9984","1.0019","0.9961","-0.16%"
"2007年10月3日","0.9983","0.9984","0.9993","0.9935","-0.01%"
"2007年10月2日","0.9984","0.9918","1.0013","0.9914","0.70%"
"2007年10月1日","0.9915","0.9932","0.9959","0.9911","0.00%"
"2007年9月28日","0.9915","1.0012","1.0023","0.9912","-1.02%"
"2007年9月27日","1.0017","1.0046","1.0055","0.9978","-0.27%"
"2007年9月26日","1.0044","1.0038","1.0097","1.0024","-0.07%"
"2007年9月25日","1.0051","1.0016","1.0066","0.9998","0.36%"
"2007年9月24日","1.0015","0.9999","1.0030","0.9969","0.03%"
"2007年9月21日","1.0012","1.0019","1.0060","0.9937","0.02%"
"2007年9月20日","1.0010","1.0145","1.0157","0.9993","-1.39%"
"2007年9月19日","1.0151","1.0139","1.0180","1.0082","0.16%"
"2007年9月18日","1.0135","1.0277","1.0291","1.0121","-1.32%"
"2007年9月17日","1.0271","1.0304","1.0315","1.0240","-0.35%"
"2007年9月14日","1.0307","1.0362","1.0368","1.0277","-0.47%"
"2007年9月13日","1.0356","1.0370","1.0383","1.0311","-0.16%"
"2007年9月12日","1.0373","1.0423","1.0449","1.0354","-0.48%"
"2007年9月11日","1.0423","1.0517","1.0533","1.0410","-0.87%"
"2007年9月10日","1.0514","1.0547","1.0594","1.0507","-0.41%"
"2007年9月7日","1.0557","1.0517","1.0578","1.0476","0.37%"
"2007年9月6日","1.0518","1.0541","1.0583","1.0507","-0.23%"
"2007年9月5日","1.0542","1.0491","1.0569","1.0485","0.53%"
"2007年9月4日","1.0486","1.0528","1.0570","1.0482","-0.34%"
"2007年9月3日","1.0522","1.0555","1.0558","1.0516","-0.34%"
"2007年8月31日","1.0558","1.0576","1.0594","1.0506","-0.18%"
"2007年8月30日","1.0577","1.0580","1.0664","1.0545","-0.13%"
"2007年8月29日","1.0591","1.0655","1.0678","1.0578","-0.60%"
"2007年8月28日","1.0655","1.0545","1.0655","1.0534","1.01%"
"2007年8月27日","1.0548","1.0521","1.0553","1.0471","0.22%"
"2007年8月24日","1.0525","1.0529","1.0570","1.0493","-0.04%"
"2007年8月23日","1.0529","1.0619","1.0624","1.0474","-0.88%"
"2007年8月22日","1.0623","1.0640","1.0667","1.0574","-0.16%"
"2007年8月21日","1.0640","1.0551","1.0652","1.0541","0.88%"
"2007年8月20日","1.0547","1.0612","1.0627","1.0532","-0.54%"
"2007年8月17日","1.0604","1.0760","1.0797","1.0557","-1.39%"
"2007年8月16日","1.0753","1.0796","1.0867","1.0673","-0.36%"
"2007年8月15日","1.0792","1.0677","1.0798","1.0673","1.08%"
"2007年8月14日","1.0677","1.0544","1.0689","1.0542","1.29%"
"2007年8月13日","1.0541","1.0541","1.0566","1.0486","0.09%"
"2007年8月10日","1.0532","1.0581","1.0619","1.0514","-0.50%"
"2007年8月9日","1.0585","1.0483","1.0644","1.0470","0.92%"
"2007年8月8日","1.0488","1.0541","1.0570","1.0463","-0.55%"
"2007年8月7日","1.0546","1.0491","1.0577","1.0491","0.27%"
"2007年8月6日","1.0518","1.0566","1.0591","1.0505","-0.51%"
"2007年8月3日","1.0572","1.0530","1.0579","1.0501","0.42%"
"2007年8月2日","1.0528","1.0558","1.0600","1.0509","-0.30%"
"2007年8月1日","1.0560","1.0667","1.0699","1.0551","-1.06%"
"2007年7月31日","1.0673","1.0662","1.0685","1.0586","0.00%"
"2007年7月30日","1.0673","1.0644","1.0703","1.0640","0.29%"
"2007年7月27日","1.0642","1.0568","1.0652","1.0526","0.81%"
"2007年7月26日","1.0557","1.0417","1.0561","1.0404","1.25%"
"2007年7月25日","1.0427","1.0372","1.0450","1.0339","0.65%"
"2007年7月24日","1.0360","1.0469","1.0475","1.0341","-1.01%"
"2007年7月23日","1.0466","1.0483","1.0485","1.0425","-0.20%"